-- noinspection SpellCheckingInspectionForFile

INSERT INTO public.users (username, agency_name, email, name, register_time, voen) VALUES ('shayne.pfannerstill', 'Global Travel', 'serina.tremblay@yahoo.com', 'Cleveland Padberg', '2021-07-29 23:45:25.547466', '5344501174');
INSERT INTO public.users (username, agency_name, email, name, register_time, voen) VALUES ('herb.mraz', 'McDonald''s', 'loris.cronin@hotmail.com', 'Nicolas Hammes', '2021-07-29 23:45:25.562466', '5850888582');

INSERT INTO public.requests (uuid, status, address_from, address_to, budget, creation_time, expiration_time, language, tour_type, travel_end_date, travel_start_date, traveller_count) VALUES ('cd787f5f-5269-47cf-9828-2daa49ad6ba6', true, 'Barad-dûr', 'Henneth Annûn', 672, '2021-07-29 23:45:25.703520', '2021-07-30 17:00:00.000000', 'AZ', 'Black Gate', '2000-01-08', '1995-06-19', '132');
INSERT INTO public.requests (uuid, status, address_from, address_to, budget, creation_time, expiration_time, language, tour_type, travel_end_date, travel_start_date, traveller_count) VALUES ('5257afcc-3111-467f-a22c-26dc197f65e3', true, 'Máhanaxar', 'Tol Brandir', 220, '2021-07-29 23:45:25.706236', '2021-07-30 17:00:00.000000', 'RU', 'Isenmouthe', '1979-05-17', '1991-01-05', '280');
INSERT INTO public.requests (uuid, status, address_from, address_to, budget, creation_time, expiration_time, language, tour_type, travel_end_date, travel_start_date, traveller_count) VALUES ('60a54f4b-ac4f-4925-8a25-69b5b6f43cf1', true, 'Taur-im-Duinath', 'Carchost', 675, '2021-07-29 23:45:25.710991', '2021-07-29 17:00:00.000000', 'AZ', 'Greenway', '1986-03-22', '1957-11-16', '883');
INSERT INTO public.requests (uuid, status, address_from, address_to, budget, creation_time, expiration_time, language, tour_type, travel_end_date, travel_start_date, traveller_count) VALUES ('a87ecae0-93ad-4dd2-bfe8-dcdca6c6482f', true, 'Ilmen', 'Isengard', 564, '2021-07-29 23:45:25.714116', '2021-07-29 17:00:00.000000', 'RU', 'Tol Galen', '2002-05-29', '1976-11-28', '654');
INSERT INTO public.requests (uuid, status, address_from, address_to, budget, creation_time, expiration_time, language, tour_type, travel_end_date, travel_start_date, traveller_count) VALUES ('80fa6898-e146-4d93-a5fa-3af891f6ec90', true, 'Warning beacons of Gondor', 'Andustar', 642, '2021-07-29 23:45:25.717116', '2021-07-29 18:13:56.114807', 'RU', 'Helm''s Deep', '1989-03-22', '1965-08-30', '942');
INSERT INTO public.requests (uuid, status, address_from, address_to, budget, creation_time, expiration_time, language, tour_type, travel_end_date, travel_start_date, traveller_count) VALUES ('45d2d85c-24cd-4079-bb1c-f15fc65c69ae', true, 'Old Ford', 'Minas Tirith', 772, '2021-07-29 23:45:25.719116', '2021-07-30 17:00:00.000000', 'EN', 'Tol Brandir', '1973-09-29', '1984-06-24', '770');
INSERT INTO public.requests (uuid, status, address_from, address_to, budget, creation_time, expiration_time, language, tour_type, travel_end_date, travel_start_date, traveller_count) VALUES ('4996ea87-d412-440f-bea2-a1b065055b6c', true, 'Henneth Annûn', 'Eä', 624, '2021-07-29 23:45:25.722116', '2021-07-29 17:00:00.000000', 'EN', 'Bag End', '1975-01-27', '1993-10-23', '766');
INSERT INTO public.requests (uuid, status, address_from, address_to, budget, creation_time, expiration_time, language, tour_type, travel_end_date, travel_start_date, traveller_count) VALUES ('d917337a-f526-401d-b46c-c548597467c0', true, 'East Beleriand', 'Utumno', 16, '2021-07-29 23:45:25.726116', '2021-07-30 17:00:00.000000', 'EN', 'Losgar', '1994-02-15', '1994-02-02', '343');
INSERT INTO public.requests (uuid, status, address_from, address_to, budget, creation_time, expiration_time, language, tour_type, travel_end_date, travel_start_date, traveller_count) VALUES ('2b6fecc2-aa3c-4ac4-adeb-e291afd7c076', true, 'Haven of the Eldar', 'Bridge of Khazad-dûm', 536, '2021-07-29 23:45:25.736829', '2021-07-29 14:20:28.890000', 'AZ', 'Cirith Ungol', '1994-02-25', '1961-10-21', '582');
INSERT INTO public.requests (uuid, status, address_from, address_to, budget, creation_time, expiration_time, language, tour_type, travel_end_date, travel_start_date, traveller_count) VALUES ('214641aa-0417-4541-9189-39c4dd53bfb3', true, 'Old Forest Road', 'Máhanaxar', 507, '2021-07-29 23:45:25.740844', '2021-07-30 17:00:00.000000', 'AZ', 'Land of the Sun', '1966-11-09', '1983-04-16', '530');
INSERT INTO public.requests (uuid, status, address_from, address_to, budget, creation_time, expiration_time, language, tour_type, travel_end_date, travel_start_date, traveller_count) VALUES ('a803fba6-bc35-4684-b73f-931bc62e3610', true, 'Rivendell', 'Old Forest', 437, '2021-07-29 23:45:25.747449', '2021-07-29 17:00:00.000000', 'EN', 'Rath Dínen', '1970-04-29', '1962-10-15', '217');
INSERT INTO public.requests (uuid, status, address_from, address_to, budget, creation_time, expiration_time, language, tour_type, travel_end_date, travel_start_date, traveller_count) VALUES ('22a2fb70-242b-455c-a4e1-8e83fa24b04f', true, 'Enchanted Isles', 'Haven of the Eldar', 860, '2021-07-29 23:45:25.750769', '2021-07-29 17:00:00.000000', 'EN', 'Hyarnustar', '1962-10-09', '1963-12-04', '710');
INSERT INTO public.requests (uuid, status, address_from, address_to, budget, creation_time, expiration_time, language, tour_type, travel_end_date, travel_start_date, traveller_count) VALUES ('75dbf688-8d6f-4839-9d60-055b9b7df0a1', true, 'Fens of Serech', 'Taur-im-Duinath', 257, '2021-07-29 23:45:25.756904', '2021-07-29 15:07:02.022000', 'AZ', 'Máhanaxar', '1961-12-10', '2002-08-12', '774');
INSERT INTO public.requests (uuid, status, address_from, address_to, budget, creation_time, expiration_time, language, tour_type, travel_end_date, travel_start_date, traveller_count) VALUES ('43c63974-ecba-46bf-b1d6-189f9c01a779', true, 'Vaiya', 'Old Ford', 49, '2021-07-29 23:45:25.760902', '2021-07-29 17:00:00.000000', 'AZ', 'Tol-in-Gaurhoth', '1983-09-11', '1958-04-02', '002');
INSERT INTO public.requests (uuid, status, address_from, address_to, budget, creation_time, expiration_time, language, tour_type, travel_end_date, travel_start_date, traveller_count) VALUES ('b1c30e4d-20d4-409c-9d4f-e8376dc430d6', true, 'Warning beacons of Gondor', 'Luthany', 883, '2021-07-29 23:45:25.763903', '2021-07-30 17:00:00.000000', 'AZ', 'Coldfells', '1991-07-18', '1975-03-29', '780');
INSERT INTO public.requests (uuid, status, address_from, address_to, budget, creation_time, expiration_time, language, tour_type, travel_end_date, travel_start_date, traveller_count) VALUES ('9c2c30d7-da6d-4588-b60a-db11763708a9', true, 'Tol Morwen', 'Eastfarthing', 812, '2021-07-29 23:45:25.766902', '2021-07-29 17:00:00.000000', 'EN', 'Rivendell', '1985-06-03', '1994-01-22', '536');
INSERT INTO public.requests (uuid, status, address_from, address_to, budget, creation_time, expiration_time, language, tour_type, travel_end_date, travel_start_date, traveller_count) VALUES ('29353340-3152-4631-bd6a-b2b903428d7d', true, 'Tol Brandir', 'Taur-im-Duinath', 907, '2021-07-29 23:45:25.776964', '2021-07-29 17:00:00.000000', 'RU', 'Dark Land', '1962-06-14', '2002-01-23', '025');
INSERT INTO public.requests (uuid, status, address_from, address_to, budget, creation_time, expiration_time, language, tour_type, travel_end_date, travel_start_date, traveller_count) VALUES ('5b3759a5-69bc-476c-8c7c-7ca6f7f0f766', true, 'Vaiya', 'Fens of Serech', 718, '2021-07-29 23:45:25.783964', '2021-07-29 17:33:07.935657', 'AZ', 'Rivendell', '1963-09-30', '1968-05-20', '787');
INSERT INTO public.requests (uuid, status, address_from, address_to, budget, creation_time, expiration_time, language, tour_type, travel_end_date, travel_start_date, traveller_count) VALUES ('e3aa2e1f-2f2a-4e93-9e3b-48b55f382b7a', true, 'Nargothrond', 'Dark Land', 593, '2021-07-29 23:45:25.788970', '2021-07-29 17:27:10.908095', 'RU', 'Núath', '1974-12-12', '1972-05-12', '156');
INSERT INTO public.requests (uuid, status, address_from, address_to, budget, creation_time, expiration_time, language, tour_type, travel_end_date, travel_start_date, traveller_count) VALUES ('08163204-ad6b-4c28-85bf-9f203a2d3a87', true, 'Isle of Balar', 'Sarn Ford', 240, '2021-07-29 23:45:25.795464', '2021-07-29 16:51:55.352000', 'RU', 'Hobbit-hole', '1969-10-25', '2001-07-14', '451');
INSERT INTO public.requests (uuid, status, address_from, address_to, budget, creation_time, expiration_time, language, tour_type, travel_end_date, travel_start_date, traveller_count) VALUES ('bd33a3be-6110-4b7b-9efa-eb9b52cb6c4e', true, 'Utumno', 'Utumno', 917, '2021-07-29 23:45:25.800476', '2021-07-29 17:38:08.396514', 'RU', 'Haudh-en-Nirnaeth', '1957-11-09', '1983-01-16', '239');
INSERT INTO public.requests (uuid, status, address_from, address_to, budget, creation_time, expiration_time, language, tour_type, travel_end_date, travel_start_date, traveller_count) VALUES ('d4941ead-5e1e-4cca-b70f-1a6ff30b0aa8', true, 'Tol Galen', 'Old Ford', 252, '2021-07-29 23:45:25.804476', '2021-07-30 17:00:00.000000', 'AZ', 'Fens of Serech', '1989-01-10', '2000-06-19', '264');
INSERT INTO public.requests (uuid, status, address_from, address_to, budget, creation_time, expiration_time, language, tour_type, travel_end_date, travel_start_date, traveller_count) VALUES ('63f2f394-1ba3-492b-ba6a-9cfe205958bf', true, 'Helm''s Deep', 'Black Gate', 671, '2021-07-29 23:45:25.807481', '2021-07-29 17:00:00.000000', 'RU', 'Coldfells', '1978-03-05', '2002-09-03', '618');
INSERT INTO public.requests (uuid, status, address_from, address_to, budget, creation_time, expiration_time, language, tour_type, travel_end_date, travel_start_date, traveller_count) VALUES ('f63e789b-109d-45e2-8ea9-d22b86814143', true, 'Tol Morwen', 'Nargothrond', 610, '2021-07-29 23:45:25.811388', '2021-07-29 17:00:00.000000', 'RU', 'Rivendell', '1978-11-06', '1963-12-30', '721');
INSERT INTO public.requests (uuid, status, address_from, address_to, budget, creation_time, expiration_time, language, tour_type, travel_end_date, travel_start_date, traveller_count) VALUES ('6a2bb2f2-5162-4242-897f-30eb145229d4', false, 'Cirith Ungol', 'Gladden Fields', 457, '2021-07-29 23:45:25.691466', '2021-07-30 17:00:00.000000', 'RU', 'Black Gate', '1959-08-24', '1981-04-28', '206');
INSERT INTO public.requests (uuid, status, address_from, address_to, budget, creation_time, expiration_time, language, tour_type, travel_end_date, travel_start_date, traveller_count) VALUES ('7444627a-f71c-4f23-ae80-d5f00c7eb958', false, 'Tol Galen', 'Núath', 730, '2021-07-29 23:45:25.699786', '2021-07-29 16:32:18.020000', 'EN', 'Warning beacons of Gondor', '1993-03-04', '2002-07-21', '571');
INSERT INTO public.requests (uuid, status, address_from, address_to, budget, creation_time, expiration_time, language, tour_type, travel_end_date, travel_start_date, traveller_count) VALUES ('f8e9b3e0-b444-4136-9279-89da1a5d12b8', false, 'Dol Guldur', 'Utumno', 132, '2021-07-29 23:45:25.729930', '2021-07-29 13:11:28.514000', 'RU', 'Rivendell', '2000-06-30', '1975-01-26', '870');
INSERT INTO public.requests (uuid, status, address_from, address_to, budget, creation_time, expiration_time, language, tour_type, travel_end_date, travel_start_date, traveller_count) VALUES ('e9e142bb-5412-411a-abd3-200beef1abb3', false, 'Tol-in-Gaurhoth', 'Vaiya', 166, '2021-07-29 23:45:25.732814', '2021-07-29 17:00:00.000000', 'RU', 'Dome of Stars', '1981-05-16', '1990-11-12', '650');
INSERT INTO public.requests (uuid, status, address_from, address_to, budget, creation_time, expiration_time, language, tour_type, travel_end_date, travel_start_date, traveller_count) VALUES ('eb19a117-930e-41a1-92e1-225e7d9c8753', false, 'Black Gate', 'Fens of Serech', 843, '2021-07-29 23:45:25.770903', '2021-07-29 10:18:37.356000', 'RU', 'Cirith Ungol', '1961-11-03', '2003-05-27', '979');
INSERT INTO public.requests (uuid, status, address_from, address_to, budget, creation_time, expiration_time, language, tour_type, travel_end_date, travel_start_date, traveller_count) VALUES ('37179d19-800c-4757-a32d-8749a015d50f', false, 'Eastfarthing', 'Inn of the Prancing Pony', 689, '2021-07-29 23:45:25.774298', '2021-07-29 17:00:00.000000', 'EN', 'Doriath', '1994-01-30', '1979-02-04', '323');

INSERT INTO public.customers (user_id, first_name, last_name, phone_number, username) VALUES ('test', 'test1', 'test2', null, '12345678');

INSERT INTO public.offers (agency_name, uuid, creation_time, description, status, notes, price, travel_dates) VALUES ('Global Travel', '6a2bb2f2-5162-4242-897f-30eb145229d4', '2021-07-29 23:45:26.173429', 'salary', true, 'sock', 386, 'time');
INSERT INTO public.offers (agency_name, uuid, creation_time, description, status, notes, price, travel_dates) VALUES ('Global Travel', '7444627a-f71c-4f23-ae80-d5f00c7eb958', '2021-07-29 23:45:26.333821', 'salary', true, 'sock', 386, 'time');
INSERT INTO public.offers (agency_name, uuid, creation_time, description, status, notes, price, travel_dates) VALUES ('Global Travel', 'cd787f5f-5269-47cf-9828-2daa49ad6ba6', '2021-07-29 23:45:26.491570', 'salary', true, 'sock', 386, 'time');
INSERT INTO public.offers (agency_name, uuid, creation_time, description, status, notes, price, travel_dates) VALUES ('Global Travel', '5257afcc-3111-467f-a22c-26dc197f65e3', '2021-07-29 23:45:26.639572', 'salary', true, 'sock', 386, 'time');
INSERT INTO public.offers (agency_name, uuid, creation_time, description, status, notes, price, travel_dates) VALUES ('Global Travel', '60a54f4b-ac4f-4925-8a25-69b5b6f43cf1', '2021-07-29 23:45:26.784572', 'salary', true, 'sock', 386, 'time');
INSERT INTO public.offers (agency_name, uuid, creation_time, description, status, notes, price, travel_dates) VALUES ('Global Travel', 'a87ecae0-93ad-4dd2-bfe8-dcdca6c6482f', '2021-07-29 23:45:26.934571', 'salary', true, 'sock', 386, 'time');
INSERT INTO public.offers (agency_name, uuid, creation_time, description, status, notes, price, travel_dates) VALUES ('Global Travel', '80fa6898-e146-4d93-a5fa-3af891f6ec90', '2021-07-29 23:45:27.082095', 'salary', true, 'sock', 386, 'time');
INSERT INTO public.offers (agency_name, uuid, creation_time, description, status, notes, price, travel_dates) VALUES ('Global Travel', '45d2d85c-24cd-4079-bb1c-f15fc65c69ae', '2021-07-29 23:45:27.227934', 'salary', true, 'sock', 386, 'time');
INSERT INTO public.offers (agency_name, uuid, creation_time, description, status, notes, price, travel_dates) VALUES ('Global Travel', '4996ea87-d412-440f-bea2-a1b065055b6c', '2021-07-29 23:45:27.377690', 'salary', true, 'sock', 386, 'time');
INSERT INTO public.offers (agency_name, uuid, creation_time, description, status, notes, price, travel_dates) VALUES ('Global Travel', 'd917337a-f526-401d-b46c-c548597467c0', '2021-07-29 23:45:27.528664', 'salary', true, 'sock', 386, 'time');
INSERT INTO public.offers (agency_name, uuid, creation_time, description, status, notes, price, travel_dates) VALUES ('Global Travel', 'f8e9b3e0-b444-4136-9279-89da1a5d12b8', '2021-07-29 23:45:27.669466', 'salary', true, 'sock', 386, 'time');
INSERT INTO public.offers (agency_name, uuid, creation_time, description, status, notes, price, travel_dates) VALUES ('Global Travel', 'e9e142bb-5412-411a-abd3-200beef1abb3', '2021-07-29 23:45:27.811053', 'salary', true, 'sock', 386, 'time');
INSERT INTO public.offers (agency_name, uuid, creation_time, description, status, notes, price, travel_dates) VALUES ('Global Travel', '2b6fecc2-aa3c-4ac4-adeb-e291afd7c076', '2021-07-29 23:45:27.954137', 'salary', true, 'sock', 386, 'time');
INSERT INTO public.offers (agency_name, uuid, creation_time, description, status, notes, price, travel_dates) VALUES ('Global Travel', '214641aa-0417-4541-9189-39c4dd53bfb3', '2021-07-29 23:45:28.090136', 'salary', true, 'sock', 386, 'time');
INSERT INTO public.offers (agency_name, uuid, creation_time, description, status, notes, price, travel_dates) VALUES ('Global Travel', 'a803fba6-bc35-4684-b73f-931bc62e3610', '2021-07-29 23:45:28.238341', 'salary', true, 'sock', 386, 'time');
INSERT INTO public.offers (agency_name, uuid, creation_time, description, status, notes, price, travel_dates) VALUES ('Global Travel', '22a2fb70-242b-455c-a4e1-8e83fa24b04f', '2021-07-29 23:45:28.379340', 'salary', true, 'sock', 386, 'time');
INSERT INTO public.offers (agency_name, uuid, creation_time, description, status, notes, price, travel_dates) VALUES ('Global Travel', '75dbf688-8d6f-4839-9d60-055b9b7df0a1', '2021-07-29 23:45:28.520556', 'salary', true, 'sock', 386, 'time');
INSERT INTO public.offers (agency_name, uuid, creation_time, description, status, notes, price, travel_dates) VALUES ('Global Travel', '43c63974-ecba-46bf-b1d6-189f9c01a779', '2021-07-29 23:45:28.659173', 'salary', true, 'sock', 386, 'time');
INSERT INTO public.offers (agency_name, uuid, creation_time, description, status, notes, price, travel_dates) VALUES ('Global Travel', 'b1c30e4d-20d4-409c-9d4f-e8376dc430d6', '2021-07-29 23:45:28.807831', 'salary', true, 'sock', 386, 'time');
INSERT INTO public.offers (agency_name, uuid, creation_time, description, status, notes, price, travel_dates) VALUES ('Global Travel', '9c2c30d7-da6d-4588-b60a-db11763708a9', '2021-07-29 23:45:28.955127', 'salary', true, 'sock', 386, 'time');

INSERT INTO public.user_requests (agency_name, uuid, archived, deleted, status, customer_id) VALUES ('McDonald''s', 'cd787f5f-5269-47cf-9828-2daa49ad6ba6', false, false, 0, null);
INSERT INTO public.user_requests (agency_name, uuid, archived, deleted, status, customer_id) VALUES ('McDonald''s', '5257afcc-3111-467f-a22c-26dc197f65e3', false, false, 0, null);
INSERT INTO public.user_requests (agency_name, uuid, archived, deleted, status, customer_id) VALUES ('McDonald''s', '60a54f4b-ac4f-4925-8a25-69b5b6f43cf1', false, false, 0, null);
INSERT INTO public.user_requests (agency_name, uuid, archived, deleted, status, customer_id) VALUES ('McDonald''s', 'a87ecae0-93ad-4dd2-bfe8-dcdca6c6482f', false, false, 0, null);
INSERT INTO public.user_requests (agency_name, uuid, archived, deleted, status, customer_id) VALUES ('McDonald''s', '80fa6898-e146-4d93-a5fa-3af891f6ec90', false, false, 0, null);
INSERT INTO public.user_requests (agency_name, uuid, archived, deleted, status, customer_id) VALUES ('McDonald''s', '45d2d85c-24cd-4079-bb1c-f15fc65c69ae', false, false, 0, null);
INSERT INTO public.user_requests (agency_name, uuid, archived, deleted, status, customer_id) VALUES ('McDonald''s', '4996ea87-d412-440f-bea2-a1b065055b6c', false, false, 0, null);
INSERT INTO public.user_requests (agency_name, uuid, archived, deleted, status, customer_id) VALUES ('McDonald''s', 'd917337a-f526-401d-b46c-c548597467c0', false, false, 0, null);
INSERT INTO public.user_requests (agency_name, uuid, archived, deleted, status, customer_id) VALUES ('McDonald''s', '2b6fecc2-aa3c-4ac4-adeb-e291afd7c076', false, false, 0, null);
INSERT INTO public.user_requests (agency_name, uuid, archived, deleted, status, customer_id) VALUES ('McDonald''s', '214641aa-0417-4541-9189-39c4dd53bfb3', false, false, 0, null);
INSERT INTO public.user_requests (agency_name, uuid, archived, deleted, status, customer_id) VALUES ('McDonald''s', 'a803fba6-bc35-4684-b73f-931bc62e3610', false, false, 0, null);
INSERT INTO public.user_requests (agency_name, uuid, archived, deleted, status, customer_id) VALUES ('McDonald''s', '22a2fb70-242b-455c-a4e1-8e83fa24b04f', false, false, 0, null);
INSERT INTO public.user_requests (agency_name, uuid, archived, deleted, status, customer_id) VALUES ('McDonald''s', '75dbf688-8d6f-4839-9d60-055b9b7df0a1', false, false, 0, null);
INSERT INTO public.user_requests (agency_name, uuid, archived, deleted, status, customer_id) VALUES ('McDonald''s', '43c63974-ecba-46bf-b1d6-189f9c01a779', false, false, 0, null);
INSERT INTO public.user_requests (agency_name, uuid, archived, deleted, status, customer_id) VALUES ('McDonald''s', 'b1c30e4d-20d4-409c-9d4f-e8376dc430d6', false, false, 0, null);
INSERT INTO public.user_requests (agency_name, uuid, archived, deleted, status, customer_id) VALUES ('McDonald''s', '9c2c30d7-da6d-4588-b60a-db11763708a9', false, false, 0, null);
INSERT INTO public.user_requests (agency_name, uuid, archived, deleted, status, customer_id) VALUES ('Global Travel', '29353340-3152-4631-bd6a-b2b903428d7d', false, false, 0, null);
INSERT INTO public.user_requests (agency_name, uuid, archived, deleted, status, customer_id) VALUES ('McDonald''s', '29353340-3152-4631-bd6a-b2b903428d7d', false, false, 0, null);
INSERT INTO public.user_requests (agency_name, uuid, archived, deleted, status, customer_id) VALUES ('Global Travel', '5b3759a5-69bc-476c-8c7c-7ca6f7f0f766', false, false, 0, null);
INSERT INTO public.user_requests (agency_name, uuid, archived, deleted, status, customer_id) VALUES ('McDonald''s', '5b3759a5-69bc-476c-8c7c-7ca6f7f0f766', false, false, 0, null);
INSERT INTO public.user_requests (agency_name, uuid, archived, deleted, status, customer_id) VALUES ('Global Travel', 'e3aa2e1f-2f2a-4e93-9e3b-48b55f382b7a', false, false, 0, null);
INSERT INTO public.user_requests (agency_name, uuid, archived, deleted, status, customer_id) VALUES ('McDonald''s', 'e3aa2e1f-2f2a-4e93-9e3b-48b55f382b7a', false, false, 0, null);
INSERT INTO public.user_requests (agency_name, uuid, archived, deleted, status, customer_id) VALUES ('Global Travel', '08163204-ad6b-4c28-85bf-9f203a2d3a87', false, false, 0, null);
INSERT INTO public.user_requests (agency_name, uuid, archived, deleted, status, customer_id) VALUES ('McDonald''s', '08163204-ad6b-4c28-85bf-9f203a2d3a87', false, false, 0, null);
INSERT INTO public.user_requests (agency_name, uuid, archived, deleted, status, customer_id) VALUES ('Global Travel', 'bd33a3be-6110-4b7b-9efa-eb9b52cb6c4e', false, false, 0, null);
INSERT INTO public.user_requests (agency_name, uuid, archived, deleted, status, customer_id) VALUES ('McDonald''s', 'bd33a3be-6110-4b7b-9efa-eb9b52cb6c4e', false, false, 0, null);
INSERT INTO public.user_requests (agency_name, uuid, archived, deleted, status, customer_id) VALUES ('Global Travel', 'd4941ead-5e1e-4cca-b70f-1a6ff30b0aa8', false, false, 0, null);
INSERT INTO public.user_requests (agency_name, uuid, archived, deleted, status, customer_id) VALUES ('McDonald''s', 'd4941ead-5e1e-4cca-b70f-1a6ff30b0aa8', false, false, 0, null);
INSERT INTO public.user_requests (agency_name, uuid, archived, deleted, status, customer_id) VALUES ('Global Travel', '63f2f394-1ba3-492b-ba6a-9cfe205958bf', false, false, 0, null);
INSERT INTO public.user_requests (agency_name, uuid, archived, deleted, status, customer_id) VALUES ('McDonald''s', '63f2f394-1ba3-492b-ba6a-9cfe205958bf', false, false, 0, null);
INSERT INTO public.user_requests (agency_name, uuid, archived, deleted, status, customer_id) VALUES ('Global Travel', 'f63e789b-109d-45e2-8ea9-d22b86814143', false, false, 0, null);
INSERT INTO public.user_requests (agency_name, uuid, archived, deleted, status, customer_id) VALUES ('McDonald''s', 'f63e789b-109d-45e2-8ea9-d22b86814143', false, false, 0, null);
INSERT INTO public.user_requests (agency_name, uuid, archived, deleted, status, customer_id) VALUES ('Global Travel', '6a2bb2f2-5162-4242-897f-30eb145229d4', false, false, 1, null);
INSERT INTO public.user_requests (agency_name, uuid, archived, deleted, status, customer_id) VALUES ('Global Travel', '7444627a-f71c-4f23-ae80-d5f00c7eb958', false, false, 1, null);
INSERT INTO public.user_requests (agency_name, uuid, archived, deleted, status, customer_id) VALUES ('Global Travel', 'cd787f5f-5269-47cf-9828-2daa49ad6ba6', false, false, 1, null);
INSERT INTO public.user_requests (agency_name, uuid, archived, deleted, status, customer_id) VALUES ('Global Travel', '5257afcc-3111-467f-a22c-26dc197f65e3', false, false, 1, null);
INSERT INTO public.user_requests (agency_name, uuid, archived, deleted, status, customer_id) VALUES ('Global Travel', '60a54f4b-ac4f-4925-8a25-69b5b6f43cf1', false, false, 1, null);
INSERT INTO public.user_requests (agency_name, uuid, archived, deleted, status, customer_id) VALUES ('Global Travel', 'a87ecae0-93ad-4dd2-bfe8-dcdca6c6482f', false, false, 1, null);
INSERT INTO public.user_requests (agency_name, uuid, archived, deleted, status, customer_id) VALUES ('Global Travel', '80fa6898-e146-4d93-a5fa-3af891f6ec90', false, false, 1, null);
INSERT INTO public.user_requests (agency_name, uuid, archived, deleted, status, customer_id) VALUES ('Global Travel', '45d2d85c-24cd-4079-bb1c-f15fc65c69ae', false, false, 1, null);
INSERT INTO public.user_requests (agency_name, uuid, archived, deleted, status, customer_id) VALUES ('Global Travel', '4996ea87-d412-440f-bea2-a1b065055b6c', false, false, 1, null);
INSERT INTO public.user_requests (agency_name, uuid, archived, deleted, status, customer_id) VALUES ('Global Travel', 'd917337a-f526-401d-b46c-c548597467c0', false, false, 1, null);
INSERT INTO public.user_requests (agency_name, uuid, archived, deleted, status, customer_id) VALUES ('Global Travel', '214641aa-0417-4541-9189-39c4dd53bfb3', false, false, 2, 'test');
INSERT INTO public.user_requests (agency_name, uuid, archived, deleted, status, customer_id) VALUES ('Global Travel', 'a803fba6-bc35-4684-b73f-931bc62e3610', false, false, 2, 'test');
INSERT INTO public.user_requests (agency_name, uuid, archived, deleted, status, customer_id) VALUES ('Global Travel', '22a2fb70-242b-455c-a4e1-8e83fa24b04f', false, false, 2, 'test');
INSERT INTO public.user_requests (agency_name, uuid, archived, deleted, status, customer_id) VALUES ('Global Travel', 'f8e9b3e0-b444-4136-9279-89da1a5d12b8', false, false, 2, 'test');
INSERT INTO public.user_requests (agency_name, uuid, archived, deleted, status, customer_id) VALUES ('Global Travel', 'e9e142bb-5412-411a-abd3-200beef1abb3', false, false, 2, 'test');
INSERT INTO public.user_requests (agency_name, uuid, archived, deleted, status, customer_id) VALUES ('Global Travel', '2b6fecc2-aa3c-4ac4-adeb-e291afd7c076', false, false, 2, 'test');
INSERT INTO public.user_requests (agency_name, uuid, archived, deleted, status, customer_id) VALUES ('Global Travel', '75dbf688-8d6f-4839-9d60-055b9b7df0a1', false, false, 2, 'test');
INSERT INTO public.user_requests (agency_name, uuid, archived, deleted, status, customer_id) VALUES ('Global Travel', '43c63974-ecba-46bf-b1d6-189f9c01a779', false, false, 2, 'test');
INSERT INTO public.user_requests (agency_name, uuid, archived, deleted, status, customer_id) VALUES ('Global Travel', 'b1c30e4d-20d4-409c-9d4f-e8376dc430d6', false, false, 2, 'test');
INSERT INTO public.user_requests (agency_name, uuid, archived, deleted, status, customer_id) VALUES ('Global Travel', '9c2c30d7-da6d-4588-b60a-db11763708a9', false, false, 2, 'test');
INSERT INTO public.user_requests (agency_name, uuid, archived, deleted, status, customer_id) VALUES ('McDonald''s', '6a2bb2f2-5162-4242-897f-30eb145229d4', true, false, 3, null);
INSERT INTO public.user_requests (agency_name, uuid, archived, deleted, status, customer_id) VALUES ('McDonald''s', '7444627a-f71c-4f23-ae80-d5f00c7eb958', true, false, 3, null);
INSERT INTO public.user_requests (agency_name, uuid, archived, deleted, status, customer_id) VALUES ('McDonald''s', 'f8e9b3e0-b444-4136-9279-89da1a5d12b8', true, false, 3, null);
INSERT INTO public.user_requests (agency_name, uuid, archived, deleted, status, customer_id) VALUES ('McDonald''s', 'e9e142bb-5412-411a-abd3-200beef1abb3', true, false, 3, null);
INSERT INTO public.user_requests (agency_name, uuid, archived, deleted, status, customer_id) VALUES ('Global Travel', 'eb19a117-930e-41a1-92e1-225e7d9c8753', true, false, 3, null);
INSERT INTO public.user_requests (agency_name, uuid, archived, deleted, status, customer_id) VALUES ('McDonald''s', 'eb19a117-930e-41a1-92e1-225e7d9c8753', true, false, 3, null);
INSERT INTO public.user_requests (agency_name, uuid, archived, deleted, status, customer_id) VALUES ('Global Travel', '37179d19-800c-4757-a32d-8749a015d50f', true, false, 3, null);
INSERT INTO public.user_requests (agency_name, uuid, archived, deleted, status, customer_id) VALUES ('McDonald''s', '37179d19-800c-4757-a32d-8749a015d50f', true, false, 3, null);