INSERT INTO public.users (username, agency_name, email, name, register_time, voen) VALUES ('shayne.pfannerstill', 'DataFlex', 'serina.tremblay@yahoo.com', 'Cleveland Padberg', '2021-07-30 00:15:48.990822', '5344501174');
INSERT INTO public.users (username, agency_name, email, name, register_time, voen) VALUES ('herb.mraz', 'dc', 'loris.cronin@hotmail.com', 'Nicolas Hammes', '2021-07-30 00:15:48.990822', '5850888582');
INSERT INTO public.users (username, agency_name, email, name, register_time, voen) VALUES ('serena.russel', 'Frege', 'marilou.breitenberg@yahoo.com', 'Marni Donnelly', '2021-07-30 00:15:48.990822', '6414273415');
INSERT INTO public.users (username, agency_name, email, name, register_time, voen) VALUES ('son.williamson', 'SenseTalk', 'joanne.reilly@hotmail.com', 'Cinda Hodkiewicz', '2021-07-30 00:15:49.006457', '8638201521');
INSERT INTO public.users (username, agency_name, email, name, register_time, voen) VALUES ('lakeshia.mccullough', 'ELAN', 'van.jenkins@gmail.com', 'Dr. Rogelio Champlin', '2021-07-30 00:15:49.006457', '8068657091');
INSERT INTO public.users (username, agency_name, email, name, register_time, voen) VALUES ('clair.dubuque', 'CHIP-8', 'margarito.trantow@yahoo.com', 'Miss Jarod Jacobson', '2021-07-30 00:15:49.006457', '0108502155');
INSERT INTO public.users (username, agency_name, email, name, register_time, voen) VALUES ('maryellen.hagenes', 'Visual Fortran', 'sherika.abshire@gmail.com', 'Mrs. Tameka Feil', '2021-07-30 00:15:49.006457', '0858633333');
INSERT INTO public.users (username, agency_name, email, name, register_time, voen) VALUES ('clemmie.deckow', 'Go!', 'rigoberto.buckridge@hotmail.com', 'Harrison Blick', '2021-07-30 00:15:49.006457', '5875386308');
INSERT INTO public.users (username, agency_name, email, name, register_time, voen) VALUES ('jeffrey.mckenzie', 'PCF', 'erna.stiedemann@yahoo.com', 'Bennett Hahn', '2021-07-30 00:15:49.006457', '7647283353');
INSERT INTO public.users (username, agency_name, email, name, register_time, voen) VALUES ('jordon.reinger', 'Agora', 'josh.fahey@hotmail.com', 'Dominick Hoeger V', '2021-07-30 00:15:49.022083', '5114735303');
INSERT INTO public.users (username, agency_name, email, name, register_time, voen) VALUES ('fred.mcglynn', 'ABAP', 'ned.lang@gmail.com', 'Aleisha Hilll', '2021-07-30 00:15:49.022083', '3985556599');
INSERT INTO public.users (username, agency_name, email, name, register_time, voen) VALUES ('bud.watsica', 'Agilent VEE', 'danuta.runolfsdottir@yahoo.com', 'Miss Sima Heaney', '2021-07-30 00:15:49.022083', '6730063344');
INSERT INTO public.users (username, agency_name, email, name, register_time, voen) VALUES ('fay.hane', 'chomski', 'leroy.hane@gmail.com', 'Dr. Michele Walsh', '2021-07-30 00:15:49.022083', '4261686915');
INSERT INTO public.users (username, agency_name, email, name, register_time, voen) VALUES ('sylvia.harber', 'Joule', 'lavone.heller@hotmail.com', 'Jerold Mraz V', '2021-07-30 00:15:49.022083', '8646187115');
INSERT INTO public.users (username, agency_name, email, name, register_time, voen) VALUES ('delia.purdy', 'Lingo', 'deangelo.beier@hotmail.com', 'Porsha Pfeffer', '2021-07-30 00:15:49.022083', '5232638087');
INSERT INTO public.users (username, agency_name, email, name, register_time, voen) VALUES ('ivana.boyer', 'Lustre', 'chi.parker@yahoo.com', 'Jere Wolff DVM', '2021-07-30 00:15:49.037707', '4648242348');
INSERT INTO public.users (username, agency_name, email, name, register_time, voen) VALUES ('fritz.gerlach', 'Maple', 'sunday.funk@yahoo.com', 'Wilton O''Kon Jr.', '2021-07-30 00:15:49.037707', '0786055003');
INSERT INTO public.users (username, agency_name, email, name, register_time, voen) VALUES ('prince.rosenbaum', 'OpenCL', 'yasmine.skiles@hotmail.com', 'Willow Harber', '2021-07-30 00:15:49.037707', '6525426188');
INSERT INTO public.users (username, agency_name, email, name, register_time, voen) VALUES ('beatriz.torp', 'Visual Basic', 'karleen.kuvalis@gmail.com', 'Rosalyn Price', '2021-07-30 00:15:49.037707', '3182253760');
INSERT INTO public.users (username, agency_name, email, name, register_time, voen) VALUES ('cheryl.fay', 'LabVIEW', 'jarrod.hand@yahoo.com', 'Antoinette Feest', '2021-07-30 00:15:49.037707', '7888394856');

INSERT INTO public.requests (uuid, status, address_from, address_to, budget, creation_time, expiration_time, language, tour_type, travel_end_date, travel_start_date, traveller_count) VALUES ('6a2bb2f2-5162-4242-897f-30eb145229d4', true, 'Cirith Ungol', 'Gladden Fields', 457, '2021-07-30 00:15:49.183764', '2021-07-31 17:00:00.000000', 'RU', 'Black Gate', '1959-08-24', '1981-04-28', '206');
INSERT INTO public.requests (uuid, status, address_from, address_to, budget, creation_time, expiration_time, language, tour_type, travel_end_date, travel_start_date, traveller_count) VALUES ('7444627a-f71c-4f23-ae80-d5f00c7eb958', true, 'Tol Galen', 'Núath', 730, '2021-07-30 00:15:49.194778', '2021-07-30 16:32:18.020000', 'EN', 'Warning beacons of Gondor', '1993-03-04', '2002-07-21', '571');
INSERT INTO public.requests (uuid, status, address_from, address_to, budget, creation_time, expiration_time, language, tour_type, travel_end_date, travel_start_date, traveller_count) VALUES ('cd787f5f-5269-47cf-9828-2daa49ad6ba6', true, 'Barad-dûr', 'Henneth Annûn', 672, '2021-07-30 00:15:49.194778', '2021-07-31 17:00:00.000000', 'AZ', 'Black Gate', '2000-01-08', '1995-06-19', '132');
INSERT INTO public.requests (uuid, status, address_from, address_to, budget, creation_time, expiration_time, language, tour_type, travel_end_date, travel_start_date, traveller_count) VALUES ('5257afcc-3111-467f-a22c-26dc197f65e3', true, 'Máhanaxar', 'Tol Brandir', 220, '2021-07-30 00:15:49.210422', '2021-07-31 17:00:00.000000', 'RU', 'Isenmouthe', '1979-05-17', '1991-01-05', '280');
INSERT INTO public.requests (uuid, status, address_from, address_to, budget, creation_time, expiration_time, language, tour_type, travel_end_date, travel_start_date, traveller_count) VALUES ('60a54f4b-ac4f-4925-8a25-69b5b6f43cf1', true, 'Taur-im-Duinath', 'Carchost', 675, '2021-07-30 00:15:49.210422', '2021-07-30 17:00:00.000000', 'AZ', 'Greenway', '1986-03-22', '1957-11-16', '883');
INSERT INTO public.requests (uuid, status, address_from, address_to, budget, creation_time, expiration_time, language, tour_type, travel_end_date, travel_start_date, traveller_count) VALUES ('a87ecae0-93ad-4dd2-bfe8-dcdca6c6482f', true, 'Ilmen', 'Isengard', 564, '2021-07-30 00:15:49.210422', '2021-07-30 17:00:00.000000', 'RU', 'Tol Galen', '2002-05-29', '1976-11-28', '654');
INSERT INTO public.requests (uuid, status, address_from, address_to, budget, creation_time, expiration_time, language, tour_type, travel_end_date, travel_start_date, traveller_count) VALUES ('80fa6898-e146-4d93-a5fa-3af891f6ec90', true, 'Warning beacons of Gondor', 'Andustar', 642, '2021-07-30 00:15:49.210422', '2021-07-30 18:13:56.114807', 'RU', 'Helm''s Deep', '1989-03-22', '1965-08-30', '942');
INSERT INTO public.requests (uuid, status, address_from, address_to, budget, creation_time, expiration_time, language, tour_type, travel_end_date, travel_start_date, traveller_count) VALUES ('45d2d85c-24cd-4079-bb1c-f15fc65c69ae', true, 'Old Ford', 'Minas Tirith', 772, '2021-07-30 00:15:49.226040', '2021-07-31 17:00:00.000000', 'EN', 'Tol Brandir', '1973-09-29', '1984-06-24', '770');
INSERT INTO public.requests (uuid, status, address_from, address_to, budget, creation_time, expiration_time, language, tour_type, travel_end_date, travel_start_date, traveller_count) VALUES ('4996ea87-d412-440f-bea2-a1b065055b6c', true, 'Henneth Annûn', 'Eä', 624, '2021-07-30 00:15:49.226040', '2021-07-30 17:00:00.000000', 'EN', 'Bag End', '1975-01-27', '1993-10-23', '766');
INSERT INTO public.requests (uuid, status, address_from, address_to, budget, creation_time, expiration_time, language, tour_type, travel_end_date, travel_start_date, traveller_count) VALUES ('d917337a-f526-401d-b46c-c548597467c0', true, 'East Beleriand', 'Utumno', 16, '2021-07-30 00:15:49.226040', '2021-07-31 17:00:00.000000', 'EN', 'Losgar', '1994-02-15', '1994-02-02', '343');
INSERT INTO public.requests (uuid, status, address_from, address_to, budget, creation_time, expiration_time, language, tour_type, travel_end_date, travel_start_date, traveller_count) VALUES ('f8e9b3e0-b444-4136-9279-89da1a5d12b8', true, 'Dol Guldur', 'Utumno', 132, '2021-07-30 00:15:49.226040', '2021-07-30 13:11:28.514000', 'RU', 'Rivendell', '2000-06-30', '1975-01-26', '870');
INSERT INTO public.requests (uuid, status, address_from, address_to, budget, creation_time, expiration_time, language, tour_type, travel_end_date, travel_start_date, traveller_count) VALUES ('e9e142bb-5412-411a-abd3-200beef1abb3', true, 'Tol-in-Gaurhoth', 'Vaiya', 166, '2021-07-30 00:15:49.241664', '2021-07-30 17:00:00.000000', 'RU', 'Dome of Stars', '1981-05-16', '1990-11-12', '650');
INSERT INTO public.requests (uuid, status, address_from, address_to, budget, creation_time, expiration_time, language, tour_type, travel_end_date, travel_start_date, traveller_count) VALUES ('2b6fecc2-aa3c-4ac4-adeb-e291afd7c076', true, 'Haven of the Eldar', 'Bridge of Khazad-dûm', 536, '2021-07-30 00:15:49.241664', '2021-07-30 14:20:28.890000', 'AZ', 'Cirith Ungol', '1994-02-25', '1961-10-21', '582');
INSERT INTO public.requests (uuid, status, address_from, address_to, budget, creation_time, expiration_time, language, tour_type, travel_end_date, travel_start_date, traveller_count) VALUES ('214641aa-0417-4541-9189-39c4dd53bfb3', true, 'Old Forest Road', 'Máhanaxar', 507, '2021-07-30 00:15:49.241664', '2021-07-31 17:00:00.000000', 'AZ', 'Land of the Sun', '1966-11-09', '1983-04-16', '530');
INSERT INTO public.requests (uuid, status, address_from, address_to, budget, creation_time, expiration_time, language, tour_type, travel_end_date, travel_start_date, traveller_count) VALUES ('a803fba6-bc35-4684-b73f-931bc62e3610', true, 'Rivendell', 'Old Forest', 437, '2021-07-30 00:15:49.257291', '2021-07-30 17:00:00.000000', 'EN', 'Rath Dínen', '1970-04-29', '1962-10-15', '217');
INSERT INTO public.requests (uuid, status, address_from, address_to, budget, creation_time, expiration_time, language, tour_type, travel_end_date, travel_start_date, traveller_count) VALUES ('22a2fb70-242b-455c-a4e1-8e83fa24b04f', true, 'Enchanted Isles', 'Haven of the Eldar', 860, '2021-07-30 00:15:49.257291', '2021-07-30 17:00:00.000000', 'EN', 'Hyarnustar', '1962-10-09', '1963-12-04', '710');
INSERT INTO public.requests (uuid, status, address_from, address_to, budget, creation_time, expiration_time, language, tour_type, travel_end_date, travel_start_date, traveller_count) VALUES ('75dbf688-8d6f-4839-9d60-055b9b7df0a1', true, 'Fens of Serech', 'Taur-im-Duinath', 257, '2021-07-30 00:15:49.257291', '2021-07-30 15:07:02.022000', 'AZ', 'Máhanaxar', '1961-12-10', '2002-08-12', '774');
INSERT INTO public.requests (uuid, status, address_from, address_to, budget, creation_time, expiration_time, language, tour_type, travel_end_date, travel_start_date, traveller_count) VALUES ('43c63974-ecba-46bf-b1d6-189f9c01a779', true, 'Vaiya', 'Old Ford', 49, '2021-07-30 00:15:49.257291', '2021-07-30 17:00:00.000000', 'AZ', 'Tol-in-Gaurhoth', '1983-09-11', '1958-04-02', '002');
INSERT INTO public.requests (uuid, status, address_from, address_to, budget, creation_time, expiration_time, language, tour_type, travel_end_date, travel_start_date, traveller_count) VALUES ('b1c30e4d-20d4-409c-9d4f-e8376dc430d6', true, 'Warning beacons of Gondor', 'Luthany', 883, '2021-07-30 00:15:49.272916', '2021-07-31 17:00:00.000000', 'AZ', 'Coldfells', '1991-07-18', '1975-03-29', '780');
INSERT INTO public.requests (uuid, status, address_from, address_to, budget, creation_time, expiration_time, language, tour_type, travel_end_date, travel_start_date, traveller_count) VALUES ('9c2c30d7-da6d-4588-b60a-db11763708a9', true, 'Tol Morwen', 'Eastfarthing', 812, '2021-07-30 00:15:49.272916', '2021-07-30 17:00:00.000000', 'EN', 'Rivendell', '1985-06-03', '1994-01-22', '536');
INSERT INTO public.requests (uuid, status, address_from, address_to, budget, creation_time, expiration_time, language, tour_type, travel_end_date, travel_start_date, traveller_count) VALUES ('eb19a117-930e-41a1-92e1-225e7d9c8753', true, 'Black Gate', 'Fens of Serech', 843, '2021-07-30 00:15:49.283931', '2021-07-30 10:18:37.356000', 'RU', 'Cirith Ungol', '1961-11-03', '2003-05-27', '979');
INSERT INTO public.requests (uuid, status, address_from, address_to, budget, creation_time, expiration_time, language, tour_type, travel_end_date, travel_start_date, traveller_count) VALUES ('37179d19-800c-4757-a32d-8749a015d50f', true, 'Eastfarthing', 'Inn of the Prancing Pony', 689, '2021-07-30 00:15:49.288944', '2021-07-30 17:00:00.000000', 'EN', 'Doriath', '1994-01-30', '1979-02-04', '323');
INSERT INTO public.requests (uuid, status, address_from, address_to, budget, creation_time, expiration_time, language, tour_type, travel_end_date, travel_start_date, traveller_count) VALUES ('29353340-3152-4631-bd6a-b2b903428d7d', true, 'Tol Brandir', 'Taur-im-Duinath', 907, '2021-07-30 00:15:49.288944', '2021-07-30 17:00:00.000000', 'RU', 'Dark Land', '1962-06-14', '2002-01-23', '025');
INSERT INTO public.requests (uuid, status, address_from, address_to, budget, creation_time, expiration_time, language, tour_type, travel_end_date, travel_start_date, traveller_count) VALUES ('5b3759a5-69bc-476c-8c7c-7ca6f7f0f766', true, 'Vaiya', 'Fens of Serech', 718, '2021-07-30 00:15:49.288944', '2021-07-30 17:33:07.935657', 'AZ', 'Rivendell', '1963-09-30', '1968-05-20', '787');
INSERT INTO public.requests (uuid, status, address_from, address_to, budget, creation_time, expiration_time, language, tour_type, travel_end_date, travel_start_date, traveller_count) VALUES ('e3aa2e1f-2f2a-4e93-9e3b-48b55f382b7a', true, 'Nargothrond', 'Dark Land', 593, '2021-07-30 00:15:49.304580', '2021-07-30 17:27:10.908095', 'RU', 'Núath', '1974-12-12', '1972-05-12', '156');
INSERT INTO public.requests (uuid, status, address_from, address_to, budget, creation_time, expiration_time, language, tour_type, travel_end_date, travel_start_date, traveller_count) VALUES ('08163204-ad6b-4c28-85bf-9f203a2d3a87', true, 'Isle of Balar', 'Sarn Ford', 240, '2021-07-30 00:15:49.304580', '2021-07-30 16:51:55.352000', 'RU', 'Hobbit-hole', '1969-10-25', '2001-07-14', '451');
INSERT INTO public.requests (uuid, status, address_from, address_to, budget, creation_time, expiration_time, language, tour_type, travel_end_date, travel_start_date, traveller_count) VALUES ('bd33a3be-6110-4b7b-9efa-eb9b52cb6c4e', true, 'Utumno', 'Utumno', 917, '2021-07-30 00:15:49.304580', '2021-07-30 17:38:08.396514', 'RU', 'Haudh-en-Nirnaeth', '1957-11-09', '1983-01-16', '239');
INSERT INTO public.requests (uuid, status, address_from, address_to, budget, creation_time, expiration_time, language, tour_type, travel_end_date, travel_start_date, traveller_count) VALUES ('d4941ead-5e1e-4cca-b70f-1a6ff30b0aa8', true, 'Tol Galen', 'Old Ford', 252, '2021-07-30 00:15:49.304580', '2021-07-31 17:00:00.000000', 'AZ', 'Fens of Serech', '1989-01-10', '2000-06-19', '264');
INSERT INTO public.requests (uuid, status, address_from, address_to, budget, creation_time, expiration_time, language, tour_type, travel_end_date, travel_start_date, traveller_count) VALUES ('63f2f394-1ba3-492b-ba6a-9cfe205958bf', true, 'Helm''s Deep', 'Black Gate', 671, '2021-07-30 00:15:49.320204', '2021-07-30 17:00:00.000000', 'RU', 'Coldfells', '1978-03-05', '2002-09-03', '618');
INSERT INTO public.requests (uuid, status, address_from, address_to, budget, creation_time, expiration_time, language, tour_type, travel_end_date, travel_start_date, traveller_count) VALUES ('f63e789b-109d-45e2-8ea9-d22b86814143', true, 'Tol Morwen', 'Nargothrond', 610, '2021-07-30 00:15:49.320204', '2021-07-30 17:00:00.000000', 'RU', 'Rivendell', '1978-11-06', '1963-12-30', '721');

INSERT INTO public.user_requests (agency_name, uuid, archived, deleted, status, customer_id) VALUES ('DataFlex', '6a2bb2f2-5162-4242-897f-30eb145229d4', false, false, 0, null);
INSERT INTO public.user_requests (agency_name, uuid, archived, deleted, status, customer_id) VALUES ('dc', '6a2bb2f2-5162-4242-897f-30eb145229d4', false, false, 0, null);
INSERT INTO public.user_requests (agency_name, uuid, archived, deleted, status, customer_id) VALUES ('Frege', '6a2bb2f2-5162-4242-897f-30eb145229d4', false, false, 0, null);
INSERT INTO public.user_requests (agency_name, uuid, archived, deleted, status, customer_id) VALUES ('SenseTalk', '6a2bb2f2-5162-4242-897f-30eb145229d4', false, false, 0, null);
INSERT INTO public.user_requests (agency_name, uuid, archived, deleted, status, customer_id) VALUES ('ELAN', '6a2bb2f2-5162-4242-897f-30eb145229d4', false, false, 0, null);
INSERT INTO public.user_requests (agency_name, uuid, archived, deleted, status, customer_id) VALUES ('CHIP-8', '6a2bb2f2-5162-4242-897f-30eb145229d4', false, false, 0, null);
INSERT INTO public.user_requests (agency_name, uuid, archived, deleted, status, customer_id) VALUES ('Visual Fortran', '6a2bb2f2-5162-4242-897f-30eb145229d4', false, false, 0, null);
INSERT INTO public.user_requests (agency_name, uuid, archived, deleted, status, customer_id) VALUES ('Go!', '6a2bb2f2-5162-4242-897f-30eb145229d4', false, false, 0, null);
INSERT INTO public.user_requests (agency_name, uuid, archived, deleted, status, customer_id) VALUES ('PCF', '6a2bb2f2-5162-4242-897f-30eb145229d4', false, false, 0, null);
INSERT INTO public.user_requests (agency_name, uuid, archived, deleted, status, customer_id) VALUES ('Agora', '6a2bb2f2-5162-4242-897f-30eb145229d4', false, false, 0, null);
INSERT INTO public.user_requests (agency_name, uuid, archived, deleted, status, customer_id) VALUES ('ABAP', '6a2bb2f2-5162-4242-897f-30eb145229d4', false, false, 0, null);
INSERT INTO public.user_requests (agency_name, uuid, archived, deleted, status, customer_id) VALUES ('Agilent VEE', '6a2bb2f2-5162-4242-897f-30eb145229d4', false, false, 0, null);
INSERT INTO public.user_requests (agency_name, uuid, archived, deleted, status, customer_id) VALUES ('chomski', '6a2bb2f2-5162-4242-897f-30eb145229d4', false, false, 0, null);
INSERT INTO public.user_requests (agency_name, uuid, archived, deleted, status, customer_id) VALUES ('Joule', '6a2bb2f2-5162-4242-897f-30eb145229d4', false, false, 0, null);
INSERT INTO public.user_requests (agency_name, uuid, archived, deleted, status, customer_id) VALUES ('Lingo', '6a2bb2f2-5162-4242-897f-30eb145229d4', false, false, 0, null);
INSERT INTO public.user_requests (agency_name, uuid, archived, deleted, status, customer_id) VALUES ('Lustre', '6a2bb2f2-5162-4242-897f-30eb145229d4', false, false, 0, null);
INSERT INTO public.user_requests (agency_name, uuid, archived, deleted, status, customer_id) VALUES ('Maple', '6a2bb2f2-5162-4242-897f-30eb145229d4', false, false, 0, null);
INSERT INTO public.user_requests (agency_name, uuid, archived, deleted, status, customer_id) VALUES ('OpenCL', '6a2bb2f2-5162-4242-897f-30eb145229d4', false, false, 0, null);
INSERT INTO public.user_requests (agency_name, uuid, archived, deleted, status, customer_id) VALUES ('Visual Basic', '6a2bb2f2-5162-4242-897f-30eb145229d4', false, false, 0, null);
INSERT INTO public.user_requests (agency_name, uuid, archived, deleted, status, customer_id) VALUES ('LabVIEW', '6a2bb2f2-5162-4242-897f-30eb145229d4', false, false, 0, null);
INSERT INTO public.user_requests (agency_name, uuid, archived, deleted, status, customer_id) VALUES ('DataFlex', '7444627a-f71c-4f23-ae80-d5f00c7eb958', false, false, 0, null);
INSERT INTO public.user_requests (agency_name, uuid, archived, deleted, status, customer_id) VALUES ('dc', '7444627a-f71c-4f23-ae80-d5f00c7eb958', false, false, 0, null);
INSERT INTO public.user_requests (agency_name, uuid, archived, deleted, status, customer_id) VALUES ('Frege', '7444627a-f71c-4f23-ae80-d5f00c7eb958', false, false, 0, null);
INSERT INTO public.user_requests (agency_name, uuid, archived, deleted, status, customer_id) VALUES ('SenseTalk', '7444627a-f71c-4f23-ae80-d5f00c7eb958', false, false, 0, null);
INSERT INTO public.user_requests (agency_name, uuid, archived, deleted, status, customer_id) VALUES ('ELAN', '7444627a-f71c-4f23-ae80-d5f00c7eb958', false, false, 0, null);
INSERT INTO public.user_requests (agency_name, uuid, archived, deleted, status, customer_id) VALUES ('CHIP-8', '7444627a-f71c-4f23-ae80-d5f00c7eb958', false, false, 0, null);
INSERT INTO public.user_requests (agency_name, uuid, archived, deleted, status, customer_id) VALUES ('Visual Fortran', '7444627a-f71c-4f23-ae80-d5f00c7eb958', false, false, 0, null);
INSERT INTO public.user_requests (agency_name, uuid, archived, deleted, status, customer_id) VALUES ('Go!', '7444627a-f71c-4f23-ae80-d5f00c7eb958', false, false, 0, null);
INSERT INTO public.user_requests (agency_name, uuid, archived, deleted, status, customer_id) VALUES ('PCF', '7444627a-f71c-4f23-ae80-d5f00c7eb958', false, false, 0, null);
INSERT INTO public.user_requests (agency_name, uuid, archived, deleted, status, customer_id) VALUES ('Agora', '7444627a-f71c-4f23-ae80-d5f00c7eb958', false, false, 0, null);
INSERT INTO public.user_requests (agency_name, uuid, archived, deleted, status, customer_id) VALUES ('ABAP', '7444627a-f71c-4f23-ae80-d5f00c7eb958', false, false, 0, null);
INSERT INTO public.user_requests (agency_name, uuid, archived, deleted, status, customer_id) VALUES ('Agilent VEE', '7444627a-f71c-4f23-ae80-d5f00c7eb958', false, false, 0, null);
INSERT INTO public.user_requests (agency_name, uuid, archived, deleted, status, customer_id) VALUES ('chomski', '7444627a-f71c-4f23-ae80-d5f00c7eb958', false, false, 0, null);
INSERT INTO public.user_requests (agency_name, uuid, archived, deleted, status, customer_id) VALUES ('Joule', '7444627a-f71c-4f23-ae80-d5f00c7eb958', false, false, 0, null);
INSERT INTO public.user_requests (agency_name, uuid, archived, deleted, status, customer_id) VALUES ('Lingo', '7444627a-f71c-4f23-ae80-d5f00c7eb958', false, false, 0, null);
INSERT INTO public.user_requests (agency_name, uuid, archived, deleted, status, customer_id) VALUES ('Lustre', '7444627a-f71c-4f23-ae80-d5f00c7eb958', false, false, 0, null);
INSERT INTO public.user_requests (agency_name, uuid, archived, deleted, status, customer_id) VALUES ('Maple', '7444627a-f71c-4f23-ae80-d5f00c7eb958', false, false, 0, null);
INSERT INTO public.user_requests (agency_name, uuid, archived, deleted, status, customer_id) VALUES ('OpenCL', '7444627a-f71c-4f23-ae80-d5f00c7eb958', false, false, 0, null);
INSERT INTO public.user_requests (agency_name, uuid, archived, deleted, status, customer_id) VALUES ('Visual Basic', '7444627a-f71c-4f23-ae80-d5f00c7eb958', false, false, 0, null);
INSERT INTO public.user_requests (agency_name, uuid, archived, deleted, status, customer_id) VALUES ('LabVIEW', '7444627a-f71c-4f23-ae80-d5f00c7eb958', false, false, 0, null);
INSERT INTO public.user_requests (agency_name, uuid, archived, deleted, status, customer_id) VALUES ('DataFlex', 'cd787f5f-5269-47cf-9828-2daa49ad6ba6', false, false, 0, null);
INSERT INTO public.user_requests (agency_name, uuid, archived, deleted, status, customer_id) VALUES ('dc', 'cd787f5f-5269-47cf-9828-2daa49ad6ba6', false, false, 0, null);
INSERT INTO public.user_requests (agency_name, uuid, archived, deleted, status, customer_id) VALUES ('Frege', 'cd787f5f-5269-47cf-9828-2daa49ad6ba6', false, false, 0, null);
INSERT INTO public.user_requests (agency_name, uuid, archived, deleted, status, customer_id) VALUES ('SenseTalk', 'cd787f5f-5269-47cf-9828-2daa49ad6ba6', false, false, 0, null);
INSERT INTO public.user_requests (agency_name, uuid, archived, deleted, status, customer_id) VALUES ('ELAN', 'cd787f5f-5269-47cf-9828-2daa49ad6ba6', false, false, 0, null);
INSERT INTO public.user_requests (agency_name, uuid, archived, deleted, status, customer_id) VALUES ('CHIP-8', 'cd787f5f-5269-47cf-9828-2daa49ad6ba6', false, false, 0, null);
INSERT INTO public.user_requests (agency_name, uuid, archived, deleted, status, customer_id) VALUES ('Visual Fortran', 'cd787f5f-5269-47cf-9828-2daa49ad6ba6', false, false, 0, null);
INSERT INTO public.user_requests (agency_name, uuid, archived, deleted, status, customer_id) VALUES ('Go!', 'cd787f5f-5269-47cf-9828-2daa49ad6ba6', false, false, 0, null);
INSERT INTO public.user_requests (agency_name, uuid, archived, deleted, status, customer_id) VALUES ('PCF', 'cd787f5f-5269-47cf-9828-2daa49ad6ba6', false, false, 0, null);
INSERT INTO public.user_requests (agency_name, uuid, archived, deleted, status, customer_id) VALUES ('Agora', 'cd787f5f-5269-47cf-9828-2daa49ad6ba6', false, false, 0, null);
INSERT INTO public.user_requests (agency_name, uuid, archived, deleted, status, customer_id) VALUES ('ABAP', 'cd787f5f-5269-47cf-9828-2daa49ad6ba6', false, false, 0, null);
INSERT INTO public.user_requests (agency_name, uuid, archived, deleted, status, customer_id) VALUES ('Agilent VEE', 'cd787f5f-5269-47cf-9828-2daa49ad6ba6', false, false, 0, null);
INSERT INTO public.user_requests (agency_name, uuid, archived, deleted, status, customer_id) VALUES ('chomski', 'cd787f5f-5269-47cf-9828-2daa49ad6ba6', false, false, 0, null);
INSERT INTO public.user_requests (agency_name, uuid, archived, deleted, status, customer_id) VALUES ('Joule', 'cd787f5f-5269-47cf-9828-2daa49ad6ba6', false, false, 0, null);
INSERT INTO public.user_requests (agency_name, uuid, archived, deleted, status, customer_id) VALUES ('Lingo', 'cd787f5f-5269-47cf-9828-2daa49ad6ba6', false, false, 0, null);
INSERT INTO public.user_requests (agency_name, uuid, archived, deleted, status, customer_id) VALUES ('Lustre', 'cd787f5f-5269-47cf-9828-2daa49ad6ba6', false, false, 0, null);
INSERT INTO public.user_requests (agency_name, uuid, archived, deleted, status, customer_id) VALUES ('Maple', 'cd787f5f-5269-47cf-9828-2daa49ad6ba6', false, false, 0, null);
INSERT INTO public.user_requests (agency_name, uuid, archived, deleted, status, customer_id) VALUES ('OpenCL', 'cd787f5f-5269-47cf-9828-2daa49ad6ba6', false, false, 0, null);
INSERT INTO public.user_requests (agency_name, uuid, archived, deleted, status, customer_id) VALUES ('Visual Basic', 'cd787f5f-5269-47cf-9828-2daa49ad6ba6', false, false, 0, null);
INSERT INTO public.user_requests (agency_name, uuid, archived, deleted, status, customer_id) VALUES ('LabVIEW', 'cd787f5f-5269-47cf-9828-2daa49ad6ba6', false, false, 0, null);
INSERT INTO public.user_requests (agency_name, uuid, archived, deleted, status, customer_id) VALUES ('DataFlex', '5257afcc-3111-467f-a22c-26dc197f65e3', false, false, 0, null);
INSERT INTO public.user_requests (agency_name, uuid, archived, deleted, status, customer_id) VALUES ('dc', '5257afcc-3111-467f-a22c-26dc197f65e3', false, false, 0, null);
INSERT INTO public.user_requests (agency_name, uuid, archived, deleted, status, customer_id) VALUES ('Frege', '5257afcc-3111-467f-a22c-26dc197f65e3', false, false, 0, null);
INSERT INTO public.user_requests (agency_name, uuid, archived, deleted, status, customer_id) VALUES ('SenseTalk', '5257afcc-3111-467f-a22c-26dc197f65e3', false, false, 0, null);
INSERT INTO public.user_requests (agency_name, uuid, archived, deleted, status, customer_id) VALUES ('ELAN', '5257afcc-3111-467f-a22c-26dc197f65e3', false, false, 0, null);
INSERT INTO public.user_requests (agency_name, uuid, archived, deleted, status, customer_id) VALUES ('CHIP-8', '5257afcc-3111-467f-a22c-26dc197f65e3', false, false, 0, null);
INSERT INTO public.user_requests (agency_name, uuid, archived, deleted, status, customer_id) VALUES ('Visual Fortran', '5257afcc-3111-467f-a22c-26dc197f65e3', false, false, 0, null);
INSERT INTO public.user_requests (agency_name, uuid, archived, deleted, status, customer_id) VALUES ('Go!', '5257afcc-3111-467f-a22c-26dc197f65e3', false, false, 0, null);
INSERT INTO public.user_requests (agency_name, uuid, archived, deleted, status, customer_id) VALUES ('PCF', '5257afcc-3111-467f-a22c-26dc197f65e3', false, false, 0, null);
INSERT INTO public.user_requests (agency_name, uuid, archived, deleted, status, customer_id) VALUES ('Agora', '5257afcc-3111-467f-a22c-26dc197f65e3', false, false, 0, null);
INSERT INTO public.user_requests (agency_name, uuid, archived, deleted, status, customer_id) VALUES ('ABAP', '5257afcc-3111-467f-a22c-26dc197f65e3', false, false, 0, null);
INSERT INTO public.user_requests (agency_name, uuid, archived, deleted, status, customer_id) VALUES ('Agilent VEE', '5257afcc-3111-467f-a22c-26dc197f65e3', false, false, 0, null);
INSERT INTO public.user_requests (agency_name, uuid, archived, deleted, status, customer_id) VALUES ('chomski', '5257afcc-3111-467f-a22c-26dc197f65e3', false, false, 0, null);
INSERT INTO public.user_requests (agency_name, uuid, archived, deleted, status, customer_id) VALUES ('Joule', '5257afcc-3111-467f-a22c-26dc197f65e3', false, false, 0, null);
INSERT INTO public.user_requests (agency_name, uuid, archived, deleted, status, customer_id) VALUES ('Lingo', '5257afcc-3111-467f-a22c-26dc197f65e3', false, false, 0, null);
INSERT INTO public.user_requests (agency_name, uuid, archived, deleted, status, customer_id) VALUES ('Lustre', '5257afcc-3111-467f-a22c-26dc197f65e3', false, false, 0, null);
INSERT INTO public.user_requests (agency_name, uuid, archived, deleted, status, customer_id) VALUES ('Maple', '5257afcc-3111-467f-a22c-26dc197f65e3', false, false, 0, null);
INSERT INTO public.user_requests (agency_name, uuid, archived, deleted, status, customer_id) VALUES ('OpenCL', '5257afcc-3111-467f-a22c-26dc197f65e3', false, false, 0, null);
INSERT INTO public.user_requests (agency_name, uuid, archived, deleted, status, customer_id) VALUES ('Visual Basic', '5257afcc-3111-467f-a22c-26dc197f65e3', false, false, 0, null);
INSERT INTO public.user_requests (agency_name, uuid, archived, deleted, status, customer_id) VALUES ('LabVIEW', '5257afcc-3111-467f-a22c-26dc197f65e3', false, false, 0, null);
INSERT INTO public.user_requests (agency_name, uuid, archived, deleted, status, customer_id) VALUES ('DataFlex', '60a54f4b-ac4f-4925-8a25-69b5b6f43cf1', false, false, 0, null);
INSERT INTO public.user_requests (agency_name, uuid, archived, deleted, status, customer_id) VALUES ('dc', '60a54f4b-ac4f-4925-8a25-69b5b6f43cf1', false, false, 0, null);
INSERT INTO public.user_requests (agency_name, uuid, archived, deleted, status, customer_id) VALUES ('Frege', '60a54f4b-ac4f-4925-8a25-69b5b6f43cf1', false, false, 0, null);
INSERT INTO public.user_requests (agency_name, uuid, archived, deleted, status, customer_id) VALUES ('SenseTalk', '60a54f4b-ac4f-4925-8a25-69b5b6f43cf1', false, false, 0, null);
INSERT INTO public.user_requests (agency_name, uuid, archived, deleted, status, customer_id) VALUES ('ELAN', '60a54f4b-ac4f-4925-8a25-69b5b6f43cf1', false, false, 0, null);
INSERT INTO public.user_requests (agency_name, uuid, archived, deleted, status, customer_id) VALUES ('CHIP-8', '60a54f4b-ac4f-4925-8a25-69b5b6f43cf1', false, false, 0, null);
INSERT INTO public.user_requests (agency_name, uuid, archived, deleted, status, customer_id) VALUES ('Visual Fortran', '60a54f4b-ac4f-4925-8a25-69b5b6f43cf1', false, false, 0, null);
INSERT INTO public.user_requests (agency_name, uuid, archived, deleted, status, customer_id) VALUES ('Go!', '60a54f4b-ac4f-4925-8a25-69b5b6f43cf1', false, false, 0, null);
INSERT INTO public.user_requests (agency_name, uuid, archived, deleted, status, customer_id) VALUES ('PCF', '60a54f4b-ac4f-4925-8a25-69b5b6f43cf1', false, false, 0, null);
INSERT INTO public.user_requests (agency_name, uuid, archived, deleted, status, customer_id) VALUES ('Agora', '60a54f4b-ac4f-4925-8a25-69b5b6f43cf1', false, false, 0, null);
INSERT INTO public.user_requests (agency_name, uuid, archived, deleted, status, customer_id) VALUES ('ABAP', '60a54f4b-ac4f-4925-8a25-69b5b6f43cf1', false, false, 0, null);
INSERT INTO public.user_requests (agency_name, uuid, archived, deleted, status, customer_id) VALUES ('Agilent VEE', '60a54f4b-ac4f-4925-8a25-69b5b6f43cf1', false, false, 0, null);
INSERT INTO public.user_requests (agency_name, uuid, archived, deleted, status, customer_id) VALUES ('chomski', '60a54f4b-ac4f-4925-8a25-69b5b6f43cf1', false, false, 0, null);
INSERT INTO public.user_requests (agency_name, uuid, archived, deleted, status, customer_id) VALUES ('Joule', '60a54f4b-ac4f-4925-8a25-69b5b6f43cf1', false, false, 0, null);
INSERT INTO public.user_requests (agency_name, uuid, archived, deleted, status, customer_id) VALUES ('Lingo', '60a54f4b-ac4f-4925-8a25-69b5b6f43cf1', false, false, 0, null);
INSERT INTO public.user_requests (agency_name, uuid, archived, deleted, status, customer_id) VALUES ('Lustre', '60a54f4b-ac4f-4925-8a25-69b5b6f43cf1', false, false, 0, null);
INSERT INTO public.user_requests (agency_name, uuid, archived, deleted, status, customer_id) VALUES ('Maple', '60a54f4b-ac4f-4925-8a25-69b5b6f43cf1', false, false, 0, null);
INSERT INTO public.user_requests (agency_name, uuid, archived, deleted, status, customer_id) VALUES ('OpenCL', '60a54f4b-ac4f-4925-8a25-69b5b6f43cf1', false, false, 0, null);
INSERT INTO public.user_requests (agency_name, uuid, archived, deleted, status, customer_id) VALUES ('Visual Basic', '60a54f4b-ac4f-4925-8a25-69b5b6f43cf1', false, false, 0, null);
INSERT INTO public.user_requests (agency_name, uuid, archived, deleted, status, customer_id) VALUES ('LabVIEW', '60a54f4b-ac4f-4925-8a25-69b5b6f43cf1', false, false, 0, null);
INSERT INTO public.user_requests (agency_name, uuid, archived, deleted, status, customer_id) VALUES ('DataFlex', 'a87ecae0-93ad-4dd2-bfe8-dcdca6c6482f', false, false, 0, null);
INSERT INTO public.user_requests (agency_name, uuid, archived, deleted, status, customer_id) VALUES ('dc', 'a87ecae0-93ad-4dd2-bfe8-dcdca6c6482f', false, false, 0, null);
INSERT INTO public.user_requests (agency_name, uuid, archived, deleted, status, customer_id) VALUES ('Frege', 'a87ecae0-93ad-4dd2-bfe8-dcdca6c6482f', false, false, 0, null);
INSERT INTO public.user_requests (agency_name, uuid, archived, deleted, status, customer_id) VALUES ('SenseTalk', 'a87ecae0-93ad-4dd2-bfe8-dcdca6c6482f', false, false, 0, null);
INSERT INTO public.user_requests (agency_name, uuid, archived, deleted, status, customer_id) VALUES ('ELAN', 'a87ecae0-93ad-4dd2-bfe8-dcdca6c6482f', false, false, 0, null);
INSERT INTO public.user_requests (agency_name, uuid, archived, deleted, status, customer_id) VALUES ('CHIP-8', 'a87ecae0-93ad-4dd2-bfe8-dcdca6c6482f', false, false, 0, null);
INSERT INTO public.user_requests (agency_name, uuid, archived, deleted, status, customer_id) VALUES ('Visual Fortran', 'a87ecae0-93ad-4dd2-bfe8-dcdca6c6482f', false, false, 0, null);
INSERT INTO public.user_requests (agency_name, uuid, archived, deleted, status, customer_id) VALUES ('Go!', 'a87ecae0-93ad-4dd2-bfe8-dcdca6c6482f', false, false, 0, null);
INSERT INTO public.user_requests (agency_name, uuid, archived, deleted, status, customer_id) VALUES ('PCF', 'a87ecae0-93ad-4dd2-bfe8-dcdca6c6482f', false, false, 0, null);
INSERT INTO public.user_requests (agency_name, uuid, archived, deleted, status, customer_id) VALUES ('Agora', 'a87ecae0-93ad-4dd2-bfe8-dcdca6c6482f', false, false, 0, null);
INSERT INTO public.user_requests (agency_name, uuid, archived, deleted, status, customer_id) VALUES ('ABAP', 'a87ecae0-93ad-4dd2-bfe8-dcdca6c6482f', false, false, 0, null);
INSERT INTO public.user_requests (agency_name, uuid, archived, deleted, status, customer_id) VALUES ('Agilent VEE', 'a87ecae0-93ad-4dd2-bfe8-dcdca6c6482f', false, false, 0, null);
INSERT INTO public.user_requests (agency_name, uuid, archived, deleted, status, customer_id) VALUES ('chomski', 'a87ecae0-93ad-4dd2-bfe8-dcdca6c6482f', false, false, 0, null);
INSERT INTO public.user_requests (agency_name, uuid, archived, deleted, status, customer_id) VALUES ('Joule', 'a87ecae0-93ad-4dd2-bfe8-dcdca6c6482f', false, false, 0, null);
INSERT INTO public.user_requests (agency_name, uuid, archived, deleted, status, customer_id) VALUES ('Lingo', 'a87ecae0-93ad-4dd2-bfe8-dcdca6c6482f', false, false, 0, null);
INSERT INTO public.user_requests (agency_name, uuid, archived, deleted, status, customer_id) VALUES ('Lustre', 'a87ecae0-93ad-4dd2-bfe8-dcdca6c6482f', false, false, 0, null);
INSERT INTO public.user_requests (agency_name, uuid, archived, deleted, status, customer_id) VALUES ('Maple', 'a87ecae0-93ad-4dd2-bfe8-dcdca6c6482f', false, false, 0, null);
INSERT INTO public.user_requests (agency_name, uuid, archived, deleted, status, customer_id) VALUES ('OpenCL', 'a87ecae0-93ad-4dd2-bfe8-dcdca6c6482f', false, false, 0, null);
INSERT INTO public.user_requests (agency_name, uuid, archived, deleted, status, customer_id) VALUES ('Visual Basic', 'a87ecae0-93ad-4dd2-bfe8-dcdca6c6482f', false, false, 0, null);
INSERT INTO public.user_requests (agency_name, uuid, archived, deleted, status, customer_id) VALUES ('LabVIEW', 'a87ecae0-93ad-4dd2-bfe8-dcdca6c6482f', false, false, 0, null);
INSERT INTO public.user_requests (agency_name, uuid, archived, deleted, status, customer_id) VALUES ('DataFlex', '80fa6898-e146-4d93-a5fa-3af891f6ec90', false, false, 0, null);
INSERT INTO public.user_requests (agency_name, uuid, archived, deleted, status, customer_id) VALUES ('dc', '80fa6898-e146-4d93-a5fa-3af891f6ec90', false, false, 0, null);
INSERT INTO public.user_requests (agency_name, uuid, archived, deleted, status, customer_id) VALUES ('Frege', '80fa6898-e146-4d93-a5fa-3af891f6ec90', false, false, 0, null);
INSERT INTO public.user_requests (agency_name, uuid, archived, deleted, status, customer_id) VALUES ('SenseTalk', '80fa6898-e146-4d93-a5fa-3af891f6ec90', false, false, 0, null);
INSERT INTO public.user_requests (agency_name, uuid, archived, deleted, status, customer_id) VALUES ('ELAN', '80fa6898-e146-4d93-a5fa-3af891f6ec90', false, false, 0, null);
INSERT INTO public.user_requests (agency_name, uuid, archived, deleted, status, customer_id) VALUES ('CHIP-8', '80fa6898-e146-4d93-a5fa-3af891f6ec90', false, false, 0, null);
INSERT INTO public.user_requests (agency_name, uuid, archived, deleted, status, customer_id) VALUES ('Visual Fortran', '80fa6898-e146-4d93-a5fa-3af891f6ec90', false, false, 0, null);
INSERT INTO public.user_requests (agency_name, uuid, archived, deleted, status, customer_id) VALUES ('Go!', '80fa6898-e146-4d93-a5fa-3af891f6ec90', false, false, 0, null);
INSERT INTO public.user_requests (agency_name, uuid, archived, deleted, status, customer_id) VALUES ('PCF', '80fa6898-e146-4d93-a5fa-3af891f6ec90', false, false, 0, null);
INSERT INTO public.user_requests (agency_name, uuid, archived, deleted, status, customer_id) VALUES ('Agora', '80fa6898-e146-4d93-a5fa-3af891f6ec90', false, false, 0, null);
INSERT INTO public.user_requests (agency_name, uuid, archived, deleted, status, customer_id) VALUES ('ABAP', '80fa6898-e146-4d93-a5fa-3af891f6ec90', false, false, 0, null);
INSERT INTO public.user_requests (agency_name, uuid, archived, deleted, status, customer_id) VALUES ('Agilent VEE', '80fa6898-e146-4d93-a5fa-3af891f6ec90', false, false, 0, null);
INSERT INTO public.user_requests (agency_name, uuid, archived, deleted, status, customer_id) VALUES ('chomski', '80fa6898-e146-4d93-a5fa-3af891f6ec90', false, false, 0, null);
INSERT INTO public.user_requests (agency_name, uuid, archived, deleted, status, customer_id) VALUES ('Joule', '80fa6898-e146-4d93-a5fa-3af891f6ec90', false, false, 0, null);
INSERT INTO public.user_requests (agency_name, uuid, archived, deleted, status, customer_id) VALUES ('Lingo', '80fa6898-e146-4d93-a5fa-3af891f6ec90', false, false, 0, null);
INSERT INTO public.user_requests (agency_name, uuid, archived, deleted, status, customer_id) VALUES ('Lustre', '80fa6898-e146-4d93-a5fa-3af891f6ec90', false, false, 0, null);
INSERT INTO public.user_requests (agency_name, uuid, archived, deleted, status, customer_id) VALUES ('Maple', '80fa6898-e146-4d93-a5fa-3af891f6ec90', false, false, 0, null);
INSERT INTO public.user_requests (agency_name, uuid, archived, deleted, status, customer_id) VALUES ('OpenCL', '80fa6898-e146-4d93-a5fa-3af891f6ec90', false, false, 0, null);
INSERT INTO public.user_requests (agency_name, uuid, archived, deleted, status, customer_id) VALUES ('Visual Basic', '80fa6898-e146-4d93-a5fa-3af891f6ec90', false, false, 0, null);
INSERT INTO public.user_requests (agency_name, uuid, archived, deleted, status, customer_id) VALUES ('LabVIEW', '80fa6898-e146-4d93-a5fa-3af891f6ec90', false, false, 0, null);
INSERT INTO public.user_requests (agency_name, uuid, archived, deleted, status, customer_id) VALUES ('DataFlex', '45d2d85c-24cd-4079-bb1c-f15fc65c69ae', false, false, 0, null);
INSERT INTO public.user_requests (agency_name, uuid, archived, deleted, status, customer_id) VALUES ('dc', '45d2d85c-24cd-4079-bb1c-f15fc65c69ae', false, false, 0, null);
INSERT INTO public.user_requests (agency_name, uuid, archived, deleted, status, customer_id) VALUES ('Frege', '45d2d85c-24cd-4079-bb1c-f15fc65c69ae', false, false, 0, null);
INSERT INTO public.user_requests (agency_name, uuid, archived, deleted, status, customer_id) VALUES ('SenseTalk', '45d2d85c-24cd-4079-bb1c-f15fc65c69ae', false, false, 0, null);
INSERT INTO public.user_requests (agency_name, uuid, archived, deleted, status, customer_id) VALUES ('ELAN', '45d2d85c-24cd-4079-bb1c-f15fc65c69ae', false, false, 0, null);
INSERT INTO public.user_requests (agency_name, uuid, archived, deleted, status, customer_id) VALUES ('CHIP-8', '45d2d85c-24cd-4079-bb1c-f15fc65c69ae', false, false, 0, null);
INSERT INTO public.user_requests (agency_name, uuid, archived, deleted, status, customer_id) VALUES ('Visual Fortran', '45d2d85c-24cd-4079-bb1c-f15fc65c69ae', false, false, 0, null);
INSERT INTO public.user_requests (agency_name, uuid, archived, deleted, status, customer_id) VALUES ('Go!', '45d2d85c-24cd-4079-bb1c-f15fc65c69ae', false, false, 0, null);
INSERT INTO public.user_requests (agency_name, uuid, archived, deleted, status, customer_id) VALUES ('PCF', '45d2d85c-24cd-4079-bb1c-f15fc65c69ae', false, false, 0, null);
INSERT INTO public.user_requests (agency_name, uuid, archived, deleted, status, customer_id) VALUES ('Agora', '45d2d85c-24cd-4079-bb1c-f15fc65c69ae', false, false, 0, null);
INSERT INTO public.user_requests (agency_name, uuid, archived, deleted, status, customer_id) VALUES ('ABAP', '45d2d85c-24cd-4079-bb1c-f15fc65c69ae', false, false, 0, null);
INSERT INTO public.user_requests (agency_name, uuid, archived, deleted, status, customer_id) VALUES ('Agilent VEE', '45d2d85c-24cd-4079-bb1c-f15fc65c69ae', false, false, 0, null);
INSERT INTO public.user_requests (agency_name, uuid, archived, deleted, status, customer_id) VALUES ('chomski', '45d2d85c-24cd-4079-bb1c-f15fc65c69ae', false, false, 0, null);
INSERT INTO public.user_requests (agency_name, uuid, archived, deleted, status, customer_id) VALUES ('Joule', '45d2d85c-24cd-4079-bb1c-f15fc65c69ae', false, false, 0, null);
INSERT INTO public.user_requests (agency_name, uuid, archived, deleted, status, customer_id) VALUES ('Lingo', '45d2d85c-24cd-4079-bb1c-f15fc65c69ae', false, false, 0, null);
INSERT INTO public.user_requests (agency_name, uuid, archived, deleted, status, customer_id) VALUES ('Lustre', '45d2d85c-24cd-4079-bb1c-f15fc65c69ae', false, false, 0, null);
INSERT INTO public.user_requests (agency_name, uuid, archived, deleted, status, customer_id) VALUES ('Maple', '45d2d85c-24cd-4079-bb1c-f15fc65c69ae', false, false, 0, null);
INSERT INTO public.user_requests (agency_name, uuid, archived, deleted, status, customer_id) VALUES ('OpenCL', '45d2d85c-24cd-4079-bb1c-f15fc65c69ae', false, false, 0, null);
INSERT INTO public.user_requests (agency_name, uuid, archived, deleted, status, customer_id) VALUES ('Visual Basic', '45d2d85c-24cd-4079-bb1c-f15fc65c69ae', false, false, 0, null);
INSERT INTO public.user_requests (agency_name, uuid, archived, deleted, status, customer_id) VALUES ('LabVIEW', '45d2d85c-24cd-4079-bb1c-f15fc65c69ae', false, false, 0, null);
INSERT INTO public.user_requests (agency_name, uuid, archived, deleted, status, customer_id) VALUES ('DataFlex', '4996ea87-d412-440f-bea2-a1b065055b6c', false, false, 0, null);
INSERT INTO public.user_requests (agency_name, uuid, archived, deleted, status, customer_id) VALUES ('dc', '4996ea87-d412-440f-bea2-a1b065055b6c', false, false, 0, null);
INSERT INTO public.user_requests (agency_name, uuid, archived, deleted, status, customer_id) VALUES ('Frege', '4996ea87-d412-440f-bea2-a1b065055b6c', false, false, 0, null);
INSERT INTO public.user_requests (agency_name, uuid, archived, deleted, status, customer_id) VALUES ('SenseTalk', '4996ea87-d412-440f-bea2-a1b065055b6c', false, false, 0, null);
INSERT INTO public.user_requests (agency_name, uuid, archived, deleted, status, customer_id) VALUES ('ELAN', '4996ea87-d412-440f-bea2-a1b065055b6c', false, false, 0, null);
INSERT INTO public.user_requests (agency_name, uuid, archived, deleted, status, customer_id) VALUES ('CHIP-8', '4996ea87-d412-440f-bea2-a1b065055b6c', false, false, 0, null);
INSERT INTO public.user_requests (agency_name, uuid, archived, deleted, status, customer_id) VALUES ('Visual Fortran', '4996ea87-d412-440f-bea2-a1b065055b6c', false, false, 0, null);
INSERT INTO public.user_requests (agency_name, uuid, archived, deleted, status, customer_id) VALUES ('Go!', '4996ea87-d412-440f-bea2-a1b065055b6c', false, false, 0, null);
INSERT INTO public.user_requests (agency_name, uuid, archived, deleted, status, customer_id) VALUES ('PCF', '4996ea87-d412-440f-bea2-a1b065055b6c', false, false, 0, null);
INSERT INTO public.user_requests (agency_name, uuid, archived, deleted, status, customer_id) VALUES ('Agora', '4996ea87-d412-440f-bea2-a1b065055b6c', false, false, 0, null);
INSERT INTO public.user_requests (agency_name, uuid, archived, deleted, status, customer_id) VALUES ('ABAP', '4996ea87-d412-440f-bea2-a1b065055b6c', false, false, 0, null);
INSERT INTO public.user_requests (agency_name, uuid, archived, deleted, status, customer_id) VALUES ('Agilent VEE', '4996ea87-d412-440f-bea2-a1b065055b6c', false, false, 0, null);
INSERT INTO public.user_requests (agency_name, uuid, archived, deleted, status, customer_id) VALUES ('chomski', '4996ea87-d412-440f-bea2-a1b065055b6c', false, false, 0, null);
INSERT INTO public.user_requests (agency_name, uuid, archived, deleted, status, customer_id) VALUES ('Joule', '4996ea87-d412-440f-bea2-a1b065055b6c', false, false, 0, null);
INSERT INTO public.user_requests (agency_name, uuid, archived, deleted, status, customer_id) VALUES ('Lingo', '4996ea87-d412-440f-bea2-a1b065055b6c', false, false, 0, null);
INSERT INTO public.user_requests (agency_name, uuid, archived, deleted, status, customer_id) VALUES ('Lustre', '4996ea87-d412-440f-bea2-a1b065055b6c', false, false, 0, null);
INSERT INTO public.user_requests (agency_name, uuid, archived, deleted, status, customer_id) VALUES ('Maple', '4996ea87-d412-440f-bea2-a1b065055b6c', false, false, 0, null);
INSERT INTO public.user_requests (agency_name, uuid, archived, deleted, status, customer_id) VALUES ('OpenCL', '4996ea87-d412-440f-bea2-a1b065055b6c', false, false, 0, null);
INSERT INTO public.user_requests (agency_name, uuid, archived, deleted, status, customer_id) VALUES ('Visual Basic', '4996ea87-d412-440f-bea2-a1b065055b6c', false, false, 0, null);
INSERT INTO public.user_requests (agency_name, uuid, archived, deleted, status, customer_id) VALUES ('LabVIEW', '4996ea87-d412-440f-bea2-a1b065055b6c', false, false, 0, null);
INSERT INTO public.user_requests (agency_name, uuid, archived, deleted, status, customer_id) VALUES ('DataFlex', 'd917337a-f526-401d-b46c-c548597467c0', false, false, 0, null);
INSERT INTO public.user_requests (agency_name, uuid, archived, deleted, status, customer_id) VALUES ('dc', 'd917337a-f526-401d-b46c-c548597467c0', false, false, 0, null);
INSERT INTO public.user_requests (agency_name, uuid, archived, deleted, status, customer_id) VALUES ('Frege', 'd917337a-f526-401d-b46c-c548597467c0', false, false, 0, null);
INSERT INTO public.user_requests (agency_name, uuid, archived, deleted, status, customer_id) VALUES ('SenseTalk', 'd917337a-f526-401d-b46c-c548597467c0', false, false, 0, null);
INSERT INTO public.user_requests (agency_name, uuid, archived, deleted, status, customer_id) VALUES ('ELAN', 'd917337a-f526-401d-b46c-c548597467c0', false, false, 0, null);
INSERT INTO public.user_requests (agency_name, uuid, archived, deleted, status, customer_id) VALUES ('CHIP-8', 'd917337a-f526-401d-b46c-c548597467c0', false, false, 0, null);
INSERT INTO public.user_requests (agency_name, uuid, archived, deleted, status, customer_id) VALUES ('Visual Fortran', 'd917337a-f526-401d-b46c-c548597467c0', false, false, 0, null);
INSERT INTO public.user_requests (agency_name, uuid, archived, deleted, status, customer_id) VALUES ('Go!', 'd917337a-f526-401d-b46c-c548597467c0', false, false, 0, null);
INSERT INTO public.user_requests (agency_name, uuid, archived, deleted, status, customer_id) VALUES ('PCF', 'd917337a-f526-401d-b46c-c548597467c0', false, false, 0, null);
INSERT INTO public.user_requests (agency_name, uuid, archived, deleted, status, customer_id) VALUES ('Agora', 'd917337a-f526-401d-b46c-c548597467c0', false, false, 0, null);
INSERT INTO public.user_requests (agency_name, uuid, archived, deleted, status, customer_id) VALUES ('ABAP', 'd917337a-f526-401d-b46c-c548597467c0', false, false, 0, null);
INSERT INTO public.user_requests (agency_name, uuid, archived, deleted, status, customer_id) VALUES ('Agilent VEE', 'd917337a-f526-401d-b46c-c548597467c0', false, false, 0, null);
INSERT INTO public.user_requests (agency_name, uuid, archived, deleted, status, customer_id) VALUES ('chomski', 'd917337a-f526-401d-b46c-c548597467c0', false, false, 0, null);
INSERT INTO public.user_requests (agency_name, uuid, archived, deleted, status, customer_id) VALUES ('Joule', 'd917337a-f526-401d-b46c-c548597467c0', false, false, 0, null);
INSERT INTO public.user_requests (agency_name, uuid, archived, deleted, status, customer_id) VALUES ('Lingo', 'd917337a-f526-401d-b46c-c548597467c0', false, false, 0, null);
INSERT INTO public.user_requests (agency_name, uuid, archived, deleted, status, customer_id) VALUES ('Lustre', 'd917337a-f526-401d-b46c-c548597467c0', false, false, 0, null);
INSERT INTO public.user_requests (agency_name, uuid, archived, deleted, status, customer_id) VALUES ('Maple', 'd917337a-f526-401d-b46c-c548597467c0', false, false, 0, null);
INSERT INTO public.user_requests (agency_name, uuid, archived, deleted, status, customer_id) VALUES ('OpenCL', 'd917337a-f526-401d-b46c-c548597467c0', false, false, 0, null);
INSERT INTO public.user_requests (agency_name, uuid, archived, deleted, status, customer_id) VALUES ('Visual Basic', 'd917337a-f526-401d-b46c-c548597467c0', false, false, 0, null);
INSERT INTO public.user_requests (agency_name, uuid, archived, deleted, status, customer_id) VALUES ('LabVIEW', 'd917337a-f526-401d-b46c-c548597467c0', false, false, 0, null);
INSERT INTO public.user_requests (agency_name, uuid, archived, deleted, status, customer_id) VALUES ('DataFlex', 'f8e9b3e0-b444-4136-9279-89da1a5d12b8', false, false, 0, null);
INSERT INTO public.user_requests (agency_name, uuid, archived, deleted, status, customer_id) VALUES ('dc', 'f8e9b3e0-b444-4136-9279-89da1a5d12b8', false, false, 0, null);
INSERT INTO public.user_requests (agency_name, uuid, archived, deleted, status, customer_id) VALUES ('Frege', 'f8e9b3e0-b444-4136-9279-89da1a5d12b8', false, false, 0, null);
INSERT INTO public.user_requests (agency_name, uuid, archived, deleted, status, customer_id) VALUES ('SenseTalk', 'f8e9b3e0-b444-4136-9279-89da1a5d12b8', false, false, 0, null);
INSERT INTO public.user_requests (agency_name, uuid, archived, deleted, status, customer_id) VALUES ('ELAN', 'f8e9b3e0-b444-4136-9279-89da1a5d12b8', false, false, 0, null);
INSERT INTO public.user_requests (agency_name, uuid, archived, deleted, status, customer_id) VALUES ('CHIP-8', 'f8e9b3e0-b444-4136-9279-89da1a5d12b8', false, false, 0, null);
INSERT INTO public.user_requests (agency_name, uuid, archived, deleted, status, customer_id) VALUES ('Visual Fortran', 'f8e9b3e0-b444-4136-9279-89da1a5d12b8', false, false, 0, null);
INSERT INTO public.user_requests (agency_name, uuid, archived, deleted, status, customer_id) VALUES ('Go!', 'f8e9b3e0-b444-4136-9279-89da1a5d12b8', false, false, 0, null);
INSERT INTO public.user_requests (agency_name, uuid, archived, deleted, status, customer_id) VALUES ('PCF', 'f8e9b3e0-b444-4136-9279-89da1a5d12b8', false, false, 0, null);
INSERT INTO public.user_requests (agency_name, uuid, archived, deleted, status, customer_id) VALUES ('Agora', 'f8e9b3e0-b444-4136-9279-89da1a5d12b8', false, false, 0, null);
INSERT INTO public.user_requests (agency_name, uuid, archived, deleted, status, customer_id) VALUES ('ABAP', 'f8e9b3e0-b444-4136-9279-89da1a5d12b8', false, false, 0, null);
INSERT INTO public.user_requests (agency_name, uuid, archived, deleted, status, customer_id) VALUES ('Agilent VEE', 'f8e9b3e0-b444-4136-9279-89da1a5d12b8', false, false, 0, null);
INSERT INTO public.user_requests (agency_name, uuid, archived, deleted, status, customer_id) VALUES ('chomski', 'f8e9b3e0-b444-4136-9279-89da1a5d12b8', false, false, 0, null);
INSERT INTO public.user_requests (agency_name, uuid, archived, deleted, status, customer_id) VALUES ('Joule', 'f8e9b3e0-b444-4136-9279-89da1a5d12b8', false, false, 0, null);
INSERT INTO public.user_requests (agency_name, uuid, archived, deleted, status, customer_id) VALUES ('Lingo', 'f8e9b3e0-b444-4136-9279-89da1a5d12b8', false, false, 0, null);
INSERT INTO public.user_requests (agency_name, uuid, archived, deleted, status, customer_id) VALUES ('Lustre', 'f8e9b3e0-b444-4136-9279-89da1a5d12b8', false, false, 0, null);
INSERT INTO public.user_requests (agency_name, uuid, archived, deleted, status, customer_id) VALUES ('Maple', 'f8e9b3e0-b444-4136-9279-89da1a5d12b8', false, false, 0, null);
INSERT INTO public.user_requests (agency_name, uuid, archived, deleted, status, customer_id) VALUES ('OpenCL', 'f8e9b3e0-b444-4136-9279-89da1a5d12b8', false, false, 0, null);
INSERT INTO public.user_requests (agency_name, uuid, archived, deleted, status, customer_id) VALUES ('Visual Basic', 'f8e9b3e0-b444-4136-9279-89da1a5d12b8', false, false, 0, null);
INSERT INTO public.user_requests (agency_name, uuid, archived, deleted, status, customer_id) VALUES ('LabVIEW', 'f8e9b3e0-b444-4136-9279-89da1a5d12b8', false, false, 0, null);
INSERT INTO public.user_requests (agency_name, uuid, archived, deleted, status, customer_id) VALUES ('DataFlex', 'e9e142bb-5412-411a-abd3-200beef1abb3', false, false, 0, null);
INSERT INTO public.user_requests (agency_name, uuid, archived, deleted, status, customer_id) VALUES ('dc', 'e9e142bb-5412-411a-abd3-200beef1abb3', false, false, 0, null);
INSERT INTO public.user_requests (agency_name, uuid, archived, deleted, status, customer_id) VALUES ('Frege', 'e9e142bb-5412-411a-abd3-200beef1abb3', false, false, 0, null);
INSERT INTO public.user_requests (agency_name, uuid, archived, deleted, status, customer_id) VALUES ('SenseTalk', 'e9e142bb-5412-411a-abd3-200beef1abb3', false, false, 0, null);
INSERT INTO public.user_requests (agency_name, uuid, archived, deleted, status, customer_id) VALUES ('ELAN', 'e9e142bb-5412-411a-abd3-200beef1abb3', false, false, 0, null);
INSERT INTO public.user_requests (agency_name, uuid, archived, deleted, status, customer_id) VALUES ('CHIP-8', 'e9e142bb-5412-411a-abd3-200beef1abb3', false, false, 0, null);
INSERT INTO public.user_requests (agency_name, uuid, archived, deleted, status, customer_id) VALUES ('Visual Fortran', 'e9e142bb-5412-411a-abd3-200beef1abb3', false, false, 0, null);
INSERT INTO public.user_requests (agency_name, uuid, archived, deleted, status, customer_id) VALUES ('Go!', 'e9e142bb-5412-411a-abd3-200beef1abb3', false, false, 0, null);
INSERT INTO public.user_requests (agency_name, uuid, archived, deleted, status, customer_id) VALUES ('PCF', 'e9e142bb-5412-411a-abd3-200beef1abb3', false, false, 0, null);
INSERT INTO public.user_requests (agency_name, uuid, archived, deleted, status, customer_id) VALUES ('Agora', 'e9e142bb-5412-411a-abd3-200beef1abb3', false, false, 0, null);
INSERT INTO public.user_requests (agency_name, uuid, archived, deleted, status, customer_id) VALUES ('ABAP', 'e9e142bb-5412-411a-abd3-200beef1abb3', false, false, 0, null);
INSERT INTO public.user_requests (agency_name, uuid, archived, deleted, status, customer_id) VALUES ('Agilent VEE', 'e9e142bb-5412-411a-abd3-200beef1abb3', false, false, 0, null);
INSERT INTO public.user_requests (agency_name, uuid, archived, deleted, status, customer_id) VALUES ('chomski', 'e9e142bb-5412-411a-abd3-200beef1abb3', false, false, 0, null);
INSERT INTO public.user_requests (agency_name, uuid, archived, deleted, status, customer_id) VALUES ('Joule', 'e9e142bb-5412-411a-abd3-200beef1abb3', false, false, 0, null);
INSERT INTO public.user_requests (agency_name, uuid, archived, deleted, status, customer_id) VALUES ('Lingo', 'e9e142bb-5412-411a-abd3-200beef1abb3', false, false, 0, null);
INSERT INTO public.user_requests (agency_name, uuid, archived, deleted, status, customer_id) VALUES ('Lustre', 'e9e142bb-5412-411a-abd3-200beef1abb3', false, false, 0, null);
INSERT INTO public.user_requests (agency_name, uuid, archived, deleted, status, customer_id) VALUES ('Maple', 'e9e142bb-5412-411a-abd3-200beef1abb3', false, false, 0, null);
INSERT INTO public.user_requests (agency_name, uuid, archived, deleted, status, customer_id) VALUES ('OpenCL', 'e9e142bb-5412-411a-abd3-200beef1abb3', false, false, 0, null);
INSERT INTO public.user_requests (agency_name, uuid, archived, deleted, status, customer_id) VALUES ('Visual Basic', 'e9e142bb-5412-411a-abd3-200beef1abb3', false, false, 0, null);
INSERT INTO public.user_requests (agency_name, uuid, archived, deleted, status, customer_id) VALUES ('LabVIEW', 'e9e142bb-5412-411a-abd3-200beef1abb3', false, false, 0, null);
INSERT INTO public.user_requests (agency_name, uuid, archived, deleted, status, customer_id) VALUES ('DataFlex', '2b6fecc2-aa3c-4ac4-adeb-e291afd7c076', false, false, 0, null);
INSERT INTO public.user_requests (agency_name, uuid, archived, deleted, status, customer_id) VALUES ('dc', '2b6fecc2-aa3c-4ac4-adeb-e291afd7c076', false, false, 0, null);
INSERT INTO public.user_requests (agency_name, uuid, archived, deleted, status, customer_id) VALUES ('Frege', '2b6fecc2-aa3c-4ac4-adeb-e291afd7c076', false, false, 0, null);
INSERT INTO public.user_requests (agency_name, uuid, archived, deleted, status, customer_id) VALUES ('SenseTalk', '2b6fecc2-aa3c-4ac4-adeb-e291afd7c076', false, false, 0, null);
INSERT INTO public.user_requests (agency_name, uuid, archived, deleted, status, customer_id) VALUES ('ELAN', '2b6fecc2-aa3c-4ac4-adeb-e291afd7c076', false, false, 0, null);
INSERT INTO public.user_requests (agency_name, uuid, archived, deleted, status, customer_id) VALUES ('CHIP-8', '2b6fecc2-aa3c-4ac4-adeb-e291afd7c076', false, false, 0, null);
INSERT INTO public.user_requests (agency_name, uuid, archived, deleted, status, customer_id) VALUES ('Visual Fortran', '2b6fecc2-aa3c-4ac4-adeb-e291afd7c076', false, false, 0, null);
INSERT INTO public.user_requests (agency_name, uuid, archived, deleted, status, customer_id) VALUES ('Go!', '2b6fecc2-aa3c-4ac4-adeb-e291afd7c076', false, false, 0, null);
INSERT INTO public.user_requests (agency_name, uuid, archived, deleted, status, customer_id) VALUES ('PCF', '2b6fecc2-aa3c-4ac4-adeb-e291afd7c076', false, false, 0, null);
INSERT INTO public.user_requests (agency_name, uuid, archived, deleted, status, customer_id) VALUES ('Agora', '2b6fecc2-aa3c-4ac4-adeb-e291afd7c076', false, false, 0, null);
INSERT INTO public.user_requests (agency_name, uuid, archived, deleted, status, customer_id) VALUES ('ABAP', '2b6fecc2-aa3c-4ac4-adeb-e291afd7c076', false, false, 0, null);
INSERT INTO public.user_requests (agency_name, uuid, archived, deleted, status, customer_id) VALUES ('Agilent VEE', '2b6fecc2-aa3c-4ac4-adeb-e291afd7c076', false, false, 0, null);
INSERT INTO public.user_requests (agency_name, uuid, archived, deleted, status, customer_id) VALUES ('chomski', '2b6fecc2-aa3c-4ac4-adeb-e291afd7c076', false, false, 0, null);
INSERT INTO public.user_requests (agency_name, uuid, archived, deleted, status, customer_id) VALUES ('Joule', '2b6fecc2-aa3c-4ac4-adeb-e291afd7c076', false, false, 0, null);
INSERT INTO public.user_requests (agency_name, uuid, archived, deleted, status, customer_id) VALUES ('Lingo', '2b6fecc2-aa3c-4ac4-adeb-e291afd7c076', false, false, 0, null);
INSERT INTO public.user_requests (agency_name, uuid, archived, deleted, status, customer_id) VALUES ('Lustre', '2b6fecc2-aa3c-4ac4-adeb-e291afd7c076', false, false, 0, null);
INSERT INTO public.user_requests (agency_name, uuid, archived, deleted, status, customer_id) VALUES ('Maple', '2b6fecc2-aa3c-4ac4-adeb-e291afd7c076', false, false, 0, null);
INSERT INTO public.user_requests (agency_name, uuid, archived, deleted, status, customer_id) VALUES ('OpenCL', '2b6fecc2-aa3c-4ac4-adeb-e291afd7c076', false, false, 0, null);
INSERT INTO public.user_requests (agency_name, uuid, archived, deleted, status, customer_id) VALUES ('Visual Basic', '2b6fecc2-aa3c-4ac4-adeb-e291afd7c076', false, false, 0, null);
INSERT INTO public.user_requests (agency_name, uuid, archived, deleted, status, customer_id) VALUES ('LabVIEW', '2b6fecc2-aa3c-4ac4-adeb-e291afd7c076', false, false, 0, null);
INSERT INTO public.user_requests (agency_name, uuid, archived, deleted, status, customer_id) VALUES ('DataFlex', '214641aa-0417-4541-9189-39c4dd53bfb3', false, false, 0, null);
INSERT INTO public.user_requests (agency_name, uuid, archived, deleted, status, customer_id) VALUES ('dc', '214641aa-0417-4541-9189-39c4dd53bfb3', false, false, 0, null);
INSERT INTO public.user_requests (agency_name, uuid, archived, deleted, status, customer_id) VALUES ('Frege', '214641aa-0417-4541-9189-39c4dd53bfb3', false, false, 0, null);
INSERT INTO public.user_requests (agency_name, uuid, archived, deleted, status, customer_id) VALUES ('SenseTalk', '214641aa-0417-4541-9189-39c4dd53bfb3', false, false, 0, null);
INSERT INTO public.user_requests (agency_name, uuid, archived, deleted, status, customer_id) VALUES ('ELAN', '214641aa-0417-4541-9189-39c4dd53bfb3', false, false, 0, null);
INSERT INTO public.user_requests (agency_name, uuid, archived, deleted, status, customer_id) VALUES ('CHIP-8', '214641aa-0417-4541-9189-39c4dd53bfb3', false, false, 0, null);
INSERT INTO public.user_requests (agency_name, uuid, archived, deleted, status, customer_id) VALUES ('Visual Fortran', '214641aa-0417-4541-9189-39c4dd53bfb3', false, false, 0, null);
INSERT INTO public.user_requests (agency_name, uuid, archived, deleted, status, customer_id) VALUES ('Go!', '214641aa-0417-4541-9189-39c4dd53bfb3', false, false, 0, null);
INSERT INTO public.user_requests (agency_name, uuid, archived, deleted, status, customer_id) VALUES ('PCF', '214641aa-0417-4541-9189-39c4dd53bfb3', false, false, 0, null);
INSERT INTO public.user_requests (agency_name, uuid, archived, deleted, status, customer_id) VALUES ('Agora', '214641aa-0417-4541-9189-39c4dd53bfb3', false, false, 0, null);
INSERT INTO public.user_requests (agency_name, uuid, archived, deleted, status, customer_id) VALUES ('ABAP', '214641aa-0417-4541-9189-39c4dd53bfb3', false, false, 0, null);
INSERT INTO public.user_requests (agency_name, uuid, archived, deleted, status, customer_id) VALUES ('Agilent VEE', '214641aa-0417-4541-9189-39c4dd53bfb3', false, false, 0, null);
INSERT INTO public.user_requests (agency_name, uuid, archived, deleted, status, customer_id) VALUES ('chomski', '214641aa-0417-4541-9189-39c4dd53bfb3', false, false, 0, null);
INSERT INTO public.user_requests (agency_name, uuid, archived, deleted, status, customer_id) VALUES ('Joule', '214641aa-0417-4541-9189-39c4dd53bfb3', false, false, 0, null);
INSERT INTO public.user_requests (agency_name, uuid, archived, deleted, status, customer_id) VALUES ('Lingo', '214641aa-0417-4541-9189-39c4dd53bfb3', false, false, 0, null);
INSERT INTO public.user_requests (agency_name, uuid, archived, deleted, status, customer_id) VALUES ('Lustre', '214641aa-0417-4541-9189-39c4dd53bfb3', false, false, 0, null);
INSERT INTO public.user_requests (agency_name, uuid, archived, deleted, status, customer_id) VALUES ('Maple', '214641aa-0417-4541-9189-39c4dd53bfb3', false, false, 0, null);
INSERT INTO public.user_requests (agency_name, uuid, archived, deleted, status, customer_id) VALUES ('OpenCL', '214641aa-0417-4541-9189-39c4dd53bfb3', false, false, 0, null);
INSERT INTO public.user_requests (agency_name, uuid, archived, deleted, status, customer_id) VALUES ('Visual Basic', '214641aa-0417-4541-9189-39c4dd53bfb3', false, false, 0, null);
INSERT INTO public.user_requests (agency_name, uuid, archived, deleted, status, customer_id) VALUES ('LabVIEW', '214641aa-0417-4541-9189-39c4dd53bfb3', false, false, 0, null);
INSERT INTO public.user_requests (agency_name, uuid, archived, deleted, status, customer_id) VALUES ('DataFlex', 'a803fba6-bc35-4684-b73f-931bc62e3610', false, false, 0, null);
INSERT INTO public.user_requests (agency_name, uuid, archived, deleted, status, customer_id) VALUES ('dc', 'a803fba6-bc35-4684-b73f-931bc62e3610', false, false, 0, null);
INSERT INTO public.user_requests (agency_name, uuid, archived, deleted, status, customer_id) VALUES ('Frege', 'a803fba6-bc35-4684-b73f-931bc62e3610', false, false, 0, null);
INSERT INTO public.user_requests (agency_name, uuid, archived, deleted, status, customer_id) VALUES ('SenseTalk', 'a803fba6-bc35-4684-b73f-931bc62e3610', false, false, 0, null);
INSERT INTO public.user_requests (agency_name, uuid, archived, deleted, status, customer_id) VALUES ('ELAN', 'a803fba6-bc35-4684-b73f-931bc62e3610', false, false, 0, null);
INSERT INTO public.user_requests (agency_name, uuid, archived, deleted, status, customer_id) VALUES ('CHIP-8', 'a803fba6-bc35-4684-b73f-931bc62e3610', false, false, 0, null);
INSERT INTO public.user_requests (agency_name, uuid, archived, deleted, status, customer_id) VALUES ('Visual Fortran', 'a803fba6-bc35-4684-b73f-931bc62e3610', false, false, 0, null);
INSERT INTO public.user_requests (agency_name, uuid, archived, deleted, status, customer_id) VALUES ('Go!', 'a803fba6-bc35-4684-b73f-931bc62e3610', false, false, 0, null);
INSERT INTO public.user_requests (agency_name, uuid, archived, deleted, status, customer_id) VALUES ('PCF', 'a803fba6-bc35-4684-b73f-931bc62e3610', false, false, 0, null);
INSERT INTO public.user_requests (agency_name, uuid, archived, deleted, status, customer_id) VALUES ('Agora', 'a803fba6-bc35-4684-b73f-931bc62e3610', false, false, 0, null);
INSERT INTO public.user_requests (agency_name, uuid, archived, deleted, status, customer_id) VALUES ('ABAP', 'a803fba6-bc35-4684-b73f-931bc62e3610', false, false, 0, null);
INSERT INTO public.user_requests (agency_name, uuid, archived, deleted, status, customer_id) VALUES ('Agilent VEE', 'a803fba6-bc35-4684-b73f-931bc62e3610', false, false, 0, null);
INSERT INTO public.user_requests (agency_name, uuid, archived, deleted, status, customer_id) VALUES ('chomski', 'a803fba6-bc35-4684-b73f-931bc62e3610', false, false, 0, null);
INSERT INTO public.user_requests (agency_name, uuid, archived, deleted, status, customer_id) VALUES ('Joule', 'a803fba6-bc35-4684-b73f-931bc62e3610', false, false, 0, null);
INSERT INTO public.user_requests (agency_name, uuid, archived, deleted, status, customer_id) VALUES ('Lingo', 'a803fba6-bc35-4684-b73f-931bc62e3610', false, false, 0, null);
INSERT INTO public.user_requests (agency_name, uuid, archived, deleted, status, customer_id) VALUES ('Lustre', 'a803fba6-bc35-4684-b73f-931bc62e3610', false, false, 0, null);
INSERT INTO public.user_requests (agency_name, uuid, archived, deleted, status, customer_id) VALUES ('Maple', 'a803fba6-bc35-4684-b73f-931bc62e3610', false, false, 0, null);
INSERT INTO public.user_requests (agency_name, uuid, archived, deleted, status, customer_id) VALUES ('OpenCL', 'a803fba6-bc35-4684-b73f-931bc62e3610', false, false, 0, null);
INSERT INTO public.user_requests (agency_name, uuid, archived, deleted, status, customer_id) VALUES ('Visual Basic', 'a803fba6-bc35-4684-b73f-931bc62e3610', false, false, 0, null);
INSERT INTO public.user_requests (agency_name, uuid, archived, deleted, status, customer_id) VALUES ('LabVIEW', 'a803fba6-bc35-4684-b73f-931bc62e3610', false, false, 0, null);
INSERT INTO public.user_requests (agency_name, uuid, archived, deleted, status, customer_id) VALUES ('DataFlex', '22a2fb70-242b-455c-a4e1-8e83fa24b04f', false, false, 0, null);
INSERT INTO public.user_requests (agency_name, uuid, archived, deleted, status, customer_id) VALUES ('dc', '22a2fb70-242b-455c-a4e1-8e83fa24b04f', false, false, 0, null);
INSERT INTO public.user_requests (agency_name, uuid, archived, deleted, status, customer_id) VALUES ('Frege', '22a2fb70-242b-455c-a4e1-8e83fa24b04f', false, false, 0, null);
INSERT INTO public.user_requests (agency_name, uuid, archived, deleted, status, customer_id) VALUES ('SenseTalk', '22a2fb70-242b-455c-a4e1-8e83fa24b04f', false, false, 0, null);
INSERT INTO public.user_requests (agency_name, uuid, archived, deleted, status, customer_id) VALUES ('ELAN', '22a2fb70-242b-455c-a4e1-8e83fa24b04f', false, false, 0, null);
INSERT INTO public.user_requests (agency_name, uuid, archived, deleted, status, customer_id) VALUES ('CHIP-8', '22a2fb70-242b-455c-a4e1-8e83fa24b04f', false, false, 0, null);
INSERT INTO public.user_requests (agency_name, uuid, archived, deleted, status, customer_id) VALUES ('Visual Fortran', '22a2fb70-242b-455c-a4e1-8e83fa24b04f', false, false, 0, null);
INSERT INTO public.user_requests (agency_name, uuid, archived, deleted, status, customer_id) VALUES ('Go!', '22a2fb70-242b-455c-a4e1-8e83fa24b04f', false, false, 0, null);
INSERT INTO public.user_requests (agency_name, uuid, archived, deleted, status, customer_id) VALUES ('PCF', '22a2fb70-242b-455c-a4e1-8e83fa24b04f', false, false, 0, null);
INSERT INTO public.user_requests (agency_name, uuid, archived, deleted, status, customer_id) VALUES ('Agora', '22a2fb70-242b-455c-a4e1-8e83fa24b04f', false, false, 0, null);
INSERT INTO public.user_requests (agency_name, uuid, archived, deleted, status, customer_id) VALUES ('ABAP', '22a2fb70-242b-455c-a4e1-8e83fa24b04f', false, false, 0, null);
INSERT INTO public.user_requests (agency_name, uuid, archived, deleted, status, customer_id) VALUES ('Agilent VEE', '22a2fb70-242b-455c-a4e1-8e83fa24b04f', false, false, 0, null);
INSERT INTO public.user_requests (agency_name, uuid, archived, deleted, status, customer_id) VALUES ('chomski', '22a2fb70-242b-455c-a4e1-8e83fa24b04f', false, false, 0, null);
INSERT INTO public.user_requests (agency_name, uuid, archived, deleted, status, customer_id) VALUES ('Joule', '22a2fb70-242b-455c-a4e1-8e83fa24b04f', false, false, 0, null);
INSERT INTO public.user_requests (agency_name, uuid, archived, deleted, status, customer_id) VALUES ('Lingo', '22a2fb70-242b-455c-a4e1-8e83fa24b04f', false, false, 0, null);
INSERT INTO public.user_requests (agency_name, uuid, archived, deleted, status, customer_id) VALUES ('Lustre', '22a2fb70-242b-455c-a4e1-8e83fa24b04f', false, false, 0, null);
INSERT INTO public.user_requests (agency_name, uuid, archived, deleted, status, customer_id) VALUES ('Maple', '22a2fb70-242b-455c-a4e1-8e83fa24b04f', false, false, 0, null);
INSERT INTO public.user_requests (agency_name, uuid, archived, deleted, status, customer_id) VALUES ('OpenCL', '22a2fb70-242b-455c-a4e1-8e83fa24b04f', false, false, 0, null);
INSERT INTO public.user_requests (agency_name, uuid, archived, deleted, status, customer_id) VALUES ('Visual Basic', '22a2fb70-242b-455c-a4e1-8e83fa24b04f', false, false, 0, null);
INSERT INTO public.user_requests (agency_name, uuid, archived, deleted, status, customer_id) VALUES ('LabVIEW', '22a2fb70-242b-455c-a4e1-8e83fa24b04f', false, false, 0, null);
INSERT INTO public.user_requests (agency_name, uuid, archived, deleted, status, customer_id) VALUES ('DataFlex', '75dbf688-8d6f-4839-9d60-055b9b7df0a1', false, false, 0, null);
INSERT INTO public.user_requests (agency_name, uuid, archived, deleted, status, customer_id) VALUES ('dc', '75dbf688-8d6f-4839-9d60-055b9b7df0a1', false, false, 0, null);
INSERT INTO public.user_requests (agency_name, uuid, archived, deleted, status, customer_id) VALUES ('Frege', '75dbf688-8d6f-4839-9d60-055b9b7df0a1', false, false, 0, null);
INSERT INTO public.user_requests (agency_name, uuid, archived, deleted, status, customer_id) VALUES ('SenseTalk', '75dbf688-8d6f-4839-9d60-055b9b7df0a1', false, false, 0, null);
INSERT INTO public.user_requests (agency_name, uuid, archived, deleted, status, customer_id) VALUES ('ELAN', '75dbf688-8d6f-4839-9d60-055b9b7df0a1', false, false, 0, null);
INSERT INTO public.user_requests (agency_name, uuid, archived, deleted, status, customer_id) VALUES ('CHIP-8', '75dbf688-8d6f-4839-9d60-055b9b7df0a1', false, false, 0, null);
INSERT INTO public.user_requests (agency_name, uuid, archived, deleted, status, customer_id) VALUES ('Visual Fortran', '75dbf688-8d6f-4839-9d60-055b9b7df0a1', false, false, 0, null);
INSERT INTO public.user_requests (agency_name, uuid, archived, deleted, status, customer_id) VALUES ('Go!', '75dbf688-8d6f-4839-9d60-055b9b7df0a1', false, false, 0, null);
INSERT INTO public.user_requests (agency_name, uuid, archived, deleted, status, customer_id) VALUES ('PCF', '75dbf688-8d6f-4839-9d60-055b9b7df0a1', false, false, 0, null);
INSERT INTO public.user_requests (agency_name, uuid, archived, deleted, status, customer_id) VALUES ('Agora', '75dbf688-8d6f-4839-9d60-055b9b7df0a1', false, false, 0, null);
INSERT INTO public.user_requests (agency_name, uuid, archived, deleted, status, customer_id) VALUES ('ABAP', '75dbf688-8d6f-4839-9d60-055b9b7df0a1', false, false, 0, null);
INSERT INTO public.user_requests (agency_name, uuid, archived, deleted, status, customer_id) VALUES ('Agilent VEE', '75dbf688-8d6f-4839-9d60-055b9b7df0a1', false, false, 0, null);
INSERT INTO public.user_requests (agency_name, uuid, archived, deleted, status, customer_id) VALUES ('chomski', '75dbf688-8d6f-4839-9d60-055b9b7df0a1', false, false, 0, null);
INSERT INTO public.user_requests (agency_name, uuid, archived, deleted, status, customer_id) VALUES ('Joule', '75dbf688-8d6f-4839-9d60-055b9b7df0a1', false, false, 0, null);
INSERT INTO public.user_requests (agency_name, uuid, archived, deleted, status, customer_id) VALUES ('Lingo', '75dbf688-8d6f-4839-9d60-055b9b7df0a1', false, false, 0, null);
INSERT INTO public.user_requests (agency_name, uuid, archived, deleted, status, customer_id) VALUES ('Lustre', '75dbf688-8d6f-4839-9d60-055b9b7df0a1', false, false, 0, null);
INSERT INTO public.user_requests (agency_name, uuid, archived, deleted, status, customer_id) VALUES ('Maple', '75dbf688-8d6f-4839-9d60-055b9b7df0a1', false, false, 0, null);
INSERT INTO public.user_requests (agency_name, uuid, archived, deleted, status, customer_id) VALUES ('OpenCL', '75dbf688-8d6f-4839-9d60-055b9b7df0a1', false, false, 0, null);
INSERT INTO public.user_requests (agency_name, uuid, archived, deleted, status, customer_id) VALUES ('Visual Basic', '75dbf688-8d6f-4839-9d60-055b9b7df0a1', false, false, 0, null);
INSERT INTO public.user_requests (agency_name, uuid, archived, deleted, status, customer_id) VALUES ('LabVIEW', '75dbf688-8d6f-4839-9d60-055b9b7df0a1', false, false, 0, null);
INSERT INTO public.user_requests (agency_name, uuid, archived, deleted, status, customer_id) VALUES ('DataFlex', '43c63974-ecba-46bf-b1d6-189f9c01a779', false, false, 0, null);
INSERT INTO public.user_requests (agency_name, uuid, archived, deleted, status, customer_id) VALUES ('dc', '43c63974-ecba-46bf-b1d6-189f9c01a779', false, false, 0, null);
INSERT INTO public.user_requests (agency_name, uuid, archived, deleted, status, customer_id) VALUES ('Frege', '43c63974-ecba-46bf-b1d6-189f9c01a779', false, false, 0, null);
INSERT INTO public.user_requests (agency_name, uuid, archived, deleted, status, customer_id) VALUES ('SenseTalk', '43c63974-ecba-46bf-b1d6-189f9c01a779', false, false, 0, null);
INSERT INTO public.user_requests (agency_name, uuid, archived, deleted, status, customer_id) VALUES ('ELAN', '43c63974-ecba-46bf-b1d6-189f9c01a779', false, false, 0, null);
INSERT INTO public.user_requests (agency_name, uuid, archived, deleted, status, customer_id) VALUES ('CHIP-8', '43c63974-ecba-46bf-b1d6-189f9c01a779', false, false, 0, null);
INSERT INTO public.user_requests (agency_name, uuid, archived, deleted, status, customer_id) VALUES ('Visual Fortran', '43c63974-ecba-46bf-b1d6-189f9c01a779', false, false, 0, null);
INSERT INTO public.user_requests (agency_name, uuid, archived, deleted, status, customer_id) VALUES ('Go!', '43c63974-ecba-46bf-b1d6-189f9c01a779', false, false, 0, null);
INSERT INTO public.user_requests (agency_name, uuid, archived, deleted, status, customer_id) VALUES ('PCF', '43c63974-ecba-46bf-b1d6-189f9c01a779', false, false, 0, null);
INSERT INTO public.user_requests (agency_name, uuid, archived, deleted, status, customer_id) VALUES ('Agora', '43c63974-ecba-46bf-b1d6-189f9c01a779', false, false, 0, null);
INSERT INTO public.user_requests (agency_name, uuid, archived, deleted, status, customer_id) VALUES ('ABAP', '43c63974-ecba-46bf-b1d6-189f9c01a779', false, false, 0, null);
INSERT INTO public.user_requests (agency_name, uuid, archived, deleted, status, customer_id) VALUES ('Agilent VEE', '43c63974-ecba-46bf-b1d6-189f9c01a779', false, false, 0, null);
INSERT INTO public.user_requests (agency_name, uuid, archived, deleted, status, customer_id) VALUES ('chomski', '43c63974-ecba-46bf-b1d6-189f9c01a779', false, false, 0, null);
INSERT INTO public.user_requests (agency_name, uuid, archived, deleted, status, customer_id) VALUES ('Joule', '43c63974-ecba-46bf-b1d6-189f9c01a779', false, false, 0, null);
INSERT INTO public.user_requests (agency_name, uuid, archived, deleted, status, customer_id) VALUES ('Lingo', '43c63974-ecba-46bf-b1d6-189f9c01a779', false, false, 0, null);
INSERT INTO public.user_requests (agency_name, uuid, archived, deleted, status, customer_id) VALUES ('Lustre', '43c63974-ecba-46bf-b1d6-189f9c01a779', false, false, 0, null);
INSERT INTO public.user_requests (agency_name, uuid, archived, deleted, status, customer_id) VALUES ('Maple', '43c63974-ecba-46bf-b1d6-189f9c01a779', false, false, 0, null);
INSERT INTO public.user_requests (agency_name, uuid, archived, deleted, status, customer_id) VALUES ('OpenCL', '43c63974-ecba-46bf-b1d6-189f9c01a779', false, false, 0, null);
INSERT INTO public.user_requests (agency_name, uuid, archived, deleted, status, customer_id) VALUES ('Visual Basic', '43c63974-ecba-46bf-b1d6-189f9c01a779', false, false, 0, null);
INSERT INTO public.user_requests (agency_name, uuid, archived, deleted, status, customer_id) VALUES ('LabVIEW', '43c63974-ecba-46bf-b1d6-189f9c01a779', false, false, 0, null);
INSERT INTO public.user_requests (agency_name, uuid, archived, deleted, status, customer_id) VALUES ('DataFlex', 'b1c30e4d-20d4-409c-9d4f-e8376dc430d6', false, false, 0, null);
INSERT INTO public.user_requests (agency_name, uuid, archived, deleted, status, customer_id) VALUES ('dc', 'b1c30e4d-20d4-409c-9d4f-e8376dc430d6', false, false, 0, null);
INSERT INTO public.user_requests (agency_name, uuid, archived, deleted, status, customer_id) VALUES ('Frege', 'b1c30e4d-20d4-409c-9d4f-e8376dc430d6', false, false, 0, null);
INSERT INTO public.user_requests (agency_name, uuid, archived, deleted, status, customer_id) VALUES ('SenseTalk', 'b1c30e4d-20d4-409c-9d4f-e8376dc430d6', false, false, 0, null);
INSERT INTO public.user_requests (agency_name, uuid, archived, deleted, status, customer_id) VALUES ('ELAN', 'b1c30e4d-20d4-409c-9d4f-e8376dc430d6', false, false, 0, null);
INSERT INTO public.user_requests (agency_name, uuid, archived, deleted, status, customer_id) VALUES ('CHIP-8', 'b1c30e4d-20d4-409c-9d4f-e8376dc430d6', false, false, 0, null);
INSERT INTO public.user_requests (agency_name, uuid, archived, deleted, status, customer_id) VALUES ('Visual Fortran', 'b1c30e4d-20d4-409c-9d4f-e8376dc430d6', false, false, 0, null);
INSERT INTO public.user_requests (agency_name, uuid, archived, deleted, status, customer_id) VALUES ('Go!', 'b1c30e4d-20d4-409c-9d4f-e8376dc430d6', false, false, 0, null);
INSERT INTO public.user_requests (agency_name, uuid, archived, deleted, status, customer_id) VALUES ('PCF', 'b1c30e4d-20d4-409c-9d4f-e8376dc430d6', false, false, 0, null);
INSERT INTO public.user_requests (agency_name, uuid, archived, deleted, status, customer_id) VALUES ('Agora', 'b1c30e4d-20d4-409c-9d4f-e8376dc430d6', false, false, 0, null);
INSERT INTO public.user_requests (agency_name, uuid, archived, deleted, status, customer_id) VALUES ('ABAP', 'b1c30e4d-20d4-409c-9d4f-e8376dc430d6', false, false, 0, null);
INSERT INTO public.user_requests (agency_name, uuid, archived, deleted, status, customer_id) VALUES ('Agilent VEE', 'b1c30e4d-20d4-409c-9d4f-e8376dc430d6', false, false, 0, null);
INSERT INTO public.user_requests (agency_name, uuid, archived, deleted, status, customer_id) VALUES ('chomski', 'b1c30e4d-20d4-409c-9d4f-e8376dc430d6', false, false, 0, null);
INSERT INTO public.user_requests (agency_name, uuid, archived, deleted, status, customer_id) VALUES ('Joule', 'b1c30e4d-20d4-409c-9d4f-e8376dc430d6', false, false, 0, null);
INSERT INTO public.user_requests (agency_name, uuid, archived, deleted, status, customer_id) VALUES ('Lingo', 'b1c30e4d-20d4-409c-9d4f-e8376dc430d6', false, false, 0, null);
INSERT INTO public.user_requests (agency_name, uuid, archived, deleted, status, customer_id) VALUES ('Lustre', 'b1c30e4d-20d4-409c-9d4f-e8376dc430d6', false, false, 0, null);
INSERT INTO public.user_requests (agency_name, uuid, archived, deleted, status, customer_id) VALUES ('Maple', 'b1c30e4d-20d4-409c-9d4f-e8376dc430d6', false, false, 0, null);
INSERT INTO public.user_requests (agency_name, uuid, archived, deleted, status, customer_id) VALUES ('OpenCL', 'b1c30e4d-20d4-409c-9d4f-e8376dc430d6', false, false, 0, null);
INSERT INTO public.user_requests (agency_name, uuid, archived, deleted, status, customer_id) VALUES ('Visual Basic', 'b1c30e4d-20d4-409c-9d4f-e8376dc430d6', false, false, 0, null);
INSERT INTO public.user_requests (agency_name, uuid, archived, deleted, status, customer_id) VALUES ('LabVIEW', 'b1c30e4d-20d4-409c-9d4f-e8376dc430d6', false, false, 0, null);
INSERT INTO public.user_requests (agency_name, uuid, archived, deleted, status, customer_id) VALUES ('DataFlex', '9c2c30d7-da6d-4588-b60a-db11763708a9', false, false, 0, null);
INSERT INTO public.user_requests (agency_name, uuid, archived, deleted, status, customer_id) VALUES ('dc', '9c2c30d7-da6d-4588-b60a-db11763708a9', false, false, 0, null);
INSERT INTO public.user_requests (agency_name, uuid, archived, deleted, status, customer_id) VALUES ('Frege', '9c2c30d7-da6d-4588-b60a-db11763708a9', false, false, 0, null);
INSERT INTO public.user_requests (agency_name, uuid, archived, deleted, status, customer_id) VALUES ('SenseTalk', '9c2c30d7-da6d-4588-b60a-db11763708a9', false, false, 0, null);
INSERT INTO public.user_requests (agency_name, uuid, archived, deleted, status, customer_id) VALUES ('ELAN', '9c2c30d7-da6d-4588-b60a-db11763708a9', false, false, 0, null);
INSERT INTO public.user_requests (agency_name, uuid, archived, deleted, status, customer_id) VALUES ('CHIP-8', '9c2c30d7-da6d-4588-b60a-db11763708a9', false, false, 0, null);
INSERT INTO public.user_requests (agency_name, uuid, archived, deleted, status, customer_id) VALUES ('Visual Fortran', '9c2c30d7-da6d-4588-b60a-db11763708a9', false, false, 0, null);
INSERT INTO public.user_requests (agency_name, uuid, archived, deleted, status, customer_id) VALUES ('Go!', '9c2c30d7-da6d-4588-b60a-db11763708a9', false, false, 0, null);
INSERT INTO public.user_requests (agency_name, uuid, archived, deleted, status, customer_id) VALUES ('PCF', '9c2c30d7-da6d-4588-b60a-db11763708a9', false, false, 0, null);
INSERT INTO public.user_requests (agency_name, uuid, archived, deleted, status, customer_id) VALUES ('Agora', '9c2c30d7-da6d-4588-b60a-db11763708a9', false, false, 0, null);
INSERT INTO public.user_requests (agency_name, uuid, archived, deleted, status, customer_id) VALUES ('ABAP', '9c2c30d7-da6d-4588-b60a-db11763708a9', false, false, 0, null);
INSERT INTO public.user_requests (agency_name, uuid, archived, deleted, status, customer_id) VALUES ('Agilent VEE', '9c2c30d7-da6d-4588-b60a-db11763708a9', false, false, 0, null);
INSERT INTO public.user_requests (agency_name, uuid, archived, deleted, status, customer_id) VALUES ('chomski', '9c2c30d7-da6d-4588-b60a-db11763708a9', false, false, 0, null);
INSERT INTO public.user_requests (agency_name, uuid, archived, deleted, status, customer_id) VALUES ('Joule', '9c2c30d7-da6d-4588-b60a-db11763708a9', false, false, 0, null);
INSERT INTO public.user_requests (agency_name, uuid, archived, deleted, status, customer_id) VALUES ('Lingo', '9c2c30d7-da6d-4588-b60a-db11763708a9', false, false, 0, null);
INSERT INTO public.user_requests (agency_name, uuid, archived, deleted, status, customer_id) VALUES ('Lustre', '9c2c30d7-da6d-4588-b60a-db11763708a9', false, false, 0, null);
INSERT INTO public.user_requests (agency_name, uuid, archived, deleted, status, customer_id) VALUES ('Maple', '9c2c30d7-da6d-4588-b60a-db11763708a9', false, false, 0, null);
INSERT INTO public.user_requests (agency_name, uuid, archived, deleted, status, customer_id) VALUES ('OpenCL', '9c2c30d7-da6d-4588-b60a-db11763708a9', false, false, 0, null);
INSERT INTO public.user_requests (agency_name, uuid, archived, deleted, status, customer_id) VALUES ('Visual Basic', '9c2c30d7-da6d-4588-b60a-db11763708a9', false, false, 0, null);
INSERT INTO public.user_requests (agency_name, uuid, archived, deleted, status, customer_id) VALUES ('LabVIEW', '9c2c30d7-da6d-4588-b60a-db11763708a9', false, false, 0, null);
INSERT INTO public.user_requests (agency_name, uuid, archived, deleted, status, customer_id) VALUES ('DataFlex', 'eb19a117-930e-41a1-92e1-225e7d9c8753', false, false, 0, null);
INSERT INTO public.user_requests (agency_name, uuid, archived, deleted, status, customer_id) VALUES ('dc', 'eb19a117-930e-41a1-92e1-225e7d9c8753', false, false, 0, null);
INSERT INTO public.user_requests (agency_name, uuid, archived, deleted, status, customer_id) VALUES ('Frege', 'eb19a117-930e-41a1-92e1-225e7d9c8753', false, false, 0, null);
INSERT INTO public.user_requests (agency_name, uuid, archived, deleted, status, customer_id) VALUES ('SenseTalk', 'eb19a117-930e-41a1-92e1-225e7d9c8753', false, false, 0, null);
INSERT INTO public.user_requests (agency_name, uuid, archived, deleted, status, customer_id) VALUES ('ELAN', 'eb19a117-930e-41a1-92e1-225e7d9c8753', false, false, 0, null);
INSERT INTO public.user_requests (agency_name, uuid, archived, deleted, status, customer_id) VALUES ('CHIP-8', 'eb19a117-930e-41a1-92e1-225e7d9c8753', false, false, 0, null);
INSERT INTO public.user_requests (agency_name, uuid, archived, deleted, status, customer_id) VALUES ('Visual Fortran', 'eb19a117-930e-41a1-92e1-225e7d9c8753', false, false, 0, null);
INSERT INTO public.user_requests (agency_name, uuid, archived, deleted, status, customer_id) VALUES ('Go!', 'eb19a117-930e-41a1-92e1-225e7d9c8753', false, false, 0, null);
INSERT INTO public.user_requests (agency_name, uuid, archived, deleted, status, customer_id) VALUES ('PCF', 'eb19a117-930e-41a1-92e1-225e7d9c8753', false, false, 0, null);
INSERT INTO public.user_requests (agency_name, uuid, archived, deleted, status, customer_id) VALUES ('Agora', 'eb19a117-930e-41a1-92e1-225e7d9c8753', false, false, 0, null);
INSERT INTO public.user_requests (agency_name, uuid, archived, deleted, status, customer_id) VALUES ('ABAP', 'eb19a117-930e-41a1-92e1-225e7d9c8753', false, false, 0, null);
INSERT INTO public.user_requests (agency_name, uuid, archived, deleted, status, customer_id) VALUES ('Agilent VEE', 'eb19a117-930e-41a1-92e1-225e7d9c8753', false, false, 0, null);
INSERT INTO public.user_requests (agency_name, uuid, archived, deleted, status, customer_id) VALUES ('chomski', 'eb19a117-930e-41a1-92e1-225e7d9c8753', false, false, 0, null);
INSERT INTO public.user_requests (agency_name, uuid, archived, deleted, status, customer_id) VALUES ('Joule', 'eb19a117-930e-41a1-92e1-225e7d9c8753', false, false, 0, null);
INSERT INTO public.user_requests (agency_name, uuid, archived, deleted, status, customer_id) VALUES ('Lingo', 'eb19a117-930e-41a1-92e1-225e7d9c8753', false, false, 0, null);
INSERT INTO public.user_requests (agency_name, uuid, archived, deleted, status, customer_id) VALUES ('Lustre', 'eb19a117-930e-41a1-92e1-225e7d9c8753', false, false, 0, null);
INSERT INTO public.user_requests (agency_name, uuid, archived, deleted, status, customer_id) VALUES ('Maple', 'eb19a117-930e-41a1-92e1-225e7d9c8753', false, false, 0, null);
INSERT INTO public.user_requests (agency_name, uuid, archived, deleted, status, customer_id) VALUES ('OpenCL', 'eb19a117-930e-41a1-92e1-225e7d9c8753', false, false, 0, null);
INSERT INTO public.user_requests (agency_name, uuid, archived, deleted, status, customer_id) VALUES ('Visual Basic', 'eb19a117-930e-41a1-92e1-225e7d9c8753', false, false, 0, null);
INSERT INTO public.user_requests (agency_name, uuid, archived, deleted, status, customer_id) VALUES ('LabVIEW', 'eb19a117-930e-41a1-92e1-225e7d9c8753', false, false, 0, null);
INSERT INTO public.user_requests (agency_name, uuid, archived, deleted, status, customer_id) VALUES ('DataFlex', '37179d19-800c-4757-a32d-8749a015d50f', false, false, 0, null);
INSERT INTO public.user_requests (agency_name, uuid, archived, deleted, status, customer_id) VALUES ('dc', '37179d19-800c-4757-a32d-8749a015d50f', false, false, 0, null);
INSERT INTO public.user_requests (agency_name, uuid, archived, deleted, status, customer_id) VALUES ('Frege', '37179d19-800c-4757-a32d-8749a015d50f', false, false, 0, null);
INSERT INTO public.user_requests (agency_name, uuid, archived, deleted, status, customer_id) VALUES ('SenseTalk', '37179d19-800c-4757-a32d-8749a015d50f', false, false, 0, null);
INSERT INTO public.user_requests (agency_name, uuid, archived, deleted, status, customer_id) VALUES ('ELAN', '37179d19-800c-4757-a32d-8749a015d50f', false, false, 0, null);
INSERT INTO public.user_requests (agency_name, uuid, archived, deleted, status, customer_id) VALUES ('CHIP-8', '37179d19-800c-4757-a32d-8749a015d50f', false, false, 0, null);
INSERT INTO public.user_requests (agency_name, uuid, archived, deleted, status, customer_id) VALUES ('Visual Fortran', '37179d19-800c-4757-a32d-8749a015d50f', false, false, 0, null);
INSERT INTO public.user_requests (agency_name, uuid, archived, deleted, status, customer_id) VALUES ('Go!', '37179d19-800c-4757-a32d-8749a015d50f', false, false, 0, null);
INSERT INTO public.user_requests (agency_name, uuid, archived, deleted, status, customer_id) VALUES ('PCF', '37179d19-800c-4757-a32d-8749a015d50f', false, false, 0, null);
INSERT INTO public.user_requests (agency_name, uuid, archived, deleted, status, customer_id) VALUES ('Agora', '37179d19-800c-4757-a32d-8749a015d50f', false, false, 0, null);
INSERT INTO public.user_requests (agency_name, uuid, archived, deleted, status, customer_id) VALUES ('ABAP', '37179d19-800c-4757-a32d-8749a015d50f', false, false, 0, null);
INSERT INTO public.user_requests (agency_name, uuid, archived, deleted, status, customer_id) VALUES ('Agilent VEE', '37179d19-800c-4757-a32d-8749a015d50f', false, false, 0, null);
INSERT INTO public.user_requests (agency_name, uuid, archived, deleted, status, customer_id) VALUES ('chomski', '37179d19-800c-4757-a32d-8749a015d50f', false, false, 0, null);
INSERT INTO public.user_requests (agency_name, uuid, archived, deleted, status, customer_id) VALUES ('Joule', '37179d19-800c-4757-a32d-8749a015d50f', false, false, 0, null);
INSERT INTO public.user_requests (agency_name, uuid, archived, deleted, status, customer_id) VALUES ('Lingo', '37179d19-800c-4757-a32d-8749a015d50f', false, false, 0, null);
INSERT INTO public.user_requests (agency_name, uuid, archived, deleted, status, customer_id) VALUES ('Lustre', '37179d19-800c-4757-a32d-8749a015d50f', false, false, 0, null);
INSERT INTO public.user_requests (agency_name, uuid, archived, deleted, status, customer_id) VALUES ('Maple', '37179d19-800c-4757-a32d-8749a015d50f', false, false, 0, null);
INSERT INTO public.user_requests (agency_name, uuid, archived, deleted, status, customer_id) VALUES ('OpenCL', '37179d19-800c-4757-a32d-8749a015d50f', false, false, 0, null);
INSERT INTO public.user_requests (agency_name, uuid, archived, deleted, status, customer_id) VALUES ('Visual Basic', '37179d19-800c-4757-a32d-8749a015d50f', false, false, 0, null);
INSERT INTO public.user_requests (agency_name, uuid, archived, deleted, status, customer_id) VALUES ('LabVIEW', '37179d19-800c-4757-a32d-8749a015d50f', false, false, 0, null);
INSERT INTO public.user_requests (agency_name, uuid, archived, deleted, status, customer_id) VALUES ('DataFlex', '29353340-3152-4631-bd6a-b2b903428d7d', false, false, 0, null);
INSERT INTO public.user_requests (agency_name, uuid, archived, deleted, status, customer_id) VALUES ('dc', '29353340-3152-4631-bd6a-b2b903428d7d', false, false, 0, null);
INSERT INTO public.user_requests (agency_name, uuid, archived, deleted, status, customer_id) VALUES ('Frege', '29353340-3152-4631-bd6a-b2b903428d7d', false, false, 0, null);
INSERT INTO public.user_requests (agency_name, uuid, archived, deleted, status, customer_id) VALUES ('SenseTalk', '29353340-3152-4631-bd6a-b2b903428d7d', false, false, 0, null);
INSERT INTO public.user_requests (agency_name, uuid, archived, deleted, status, customer_id) VALUES ('ELAN', '29353340-3152-4631-bd6a-b2b903428d7d', false, false, 0, null);
INSERT INTO public.user_requests (agency_name, uuid, archived, deleted, status, customer_id) VALUES ('CHIP-8', '29353340-3152-4631-bd6a-b2b903428d7d', false, false, 0, null);
INSERT INTO public.user_requests (agency_name, uuid, archived, deleted, status, customer_id) VALUES ('Visual Fortran', '29353340-3152-4631-bd6a-b2b903428d7d', false, false, 0, null);
INSERT INTO public.user_requests (agency_name, uuid, archived, deleted, status, customer_id) VALUES ('Go!', '29353340-3152-4631-bd6a-b2b903428d7d', false, false, 0, null);
INSERT INTO public.user_requests (agency_name, uuid, archived, deleted, status, customer_id) VALUES ('PCF', '29353340-3152-4631-bd6a-b2b903428d7d', false, false, 0, null);
INSERT INTO public.user_requests (agency_name, uuid, archived, deleted, status, customer_id) VALUES ('Agora', '29353340-3152-4631-bd6a-b2b903428d7d', false, false, 0, null);
INSERT INTO public.user_requests (agency_name, uuid, archived, deleted, status, customer_id) VALUES ('ABAP', '29353340-3152-4631-bd6a-b2b903428d7d', false, false, 0, null);
INSERT INTO public.user_requests (agency_name, uuid, archived, deleted, status, customer_id) VALUES ('Agilent VEE', '29353340-3152-4631-bd6a-b2b903428d7d', false, false, 0, null);
INSERT INTO public.user_requests (agency_name, uuid, archived, deleted, status, customer_id) VALUES ('chomski', '29353340-3152-4631-bd6a-b2b903428d7d', false, false, 0, null);
INSERT INTO public.user_requests (agency_name, uuid, archived, deleted, status, customer_id) VALUES ('Joule', '29353340-3152-4631-bd6a-b2b903428d7d', false, false, 0, null);
INSERT INTO public.user_requests (agency_name, uuid, archived, deleted, status, customer_id) VALUES ('Lingo', '29353340-3152-4631-bd6a-b2b903428d7d', false, false, 0, null);
INSERT INTO public.user_requests (agency_name, uuid, archived, deleted, status, customer_id) VALUES ('Lustre', '29353340-3152-4631-bd6a-b2b903428d7d', false, false, 0, null);
INSERT INTO public.user_requests (agency_name, uuid, archived, deleted, status, customer_id) VALUES ('Maple', '29353340-3152-4631-bd6a-b2b903428d7d', false, false, 0, null);
INSERT INTO public.user_requests (agency_name, uuid, archived, deleted, status, customer_id) VALUES ('OpenCL', '29353340-3152-4631-bd6a-b2b903428d7d', false, false, 0, null);
INSERT INTO public.user_requests (agency_name, uuid, archived, deleted, status, customer_id) VALUES ('Visual Basic', '29353340-3152-4631-bd6a-b2b903428d7d', false, false, 0, null);
INSERT INTO public.user_requests (agency_name, uuid, archived, deleted, status, customer_id) VALUES ('LabVIEW', '29353340-3152-4631-bd6a-b2b903428d7d', false, false, 0, null);
INSERT INTO public.user_requests (agency_name, uuid, archived, deleted, status, customer_id) VALUES ('DataFlex', '5b3759a5-69bc-476c-8c7c-7ca6f7f0f766', false, false, 0, null);
INSERT INTO public.user_requests (agency_name, uuid, archived, deleted, status, customer_id) VALUES ('dc', '5b3759a5-69bc-476c-8c7c-7ca6f7f0f766', false, false, 0, null);
INSERT INTO public.user_requests (agency_name, uuid, archived, deleted, status, customer_id) VALUES ('Frege', '5b3759a5-69bc-476c-8c7c-7ca6f7f0f766', false, false, 0, null);
INSERT INTO public.user_requests (agency_name, uuid, archived, deleted, status, customer_id) VALUES ('SenseTalk', '5b3759a5-69bc-476c-8c7c-7ca6f7f0f766', false, false, 0, null);
INSERT INTO public.user_requests (agency_name, uuid, archived, deleted, status, customer_id) VALUES ('ELAN', '5b3759a5-69bc-476c-8c7c-7ca6f7f0f766', false, false, 0, null);
INSERT INTO public.user_requests (agency_name, uuid, archived, deleted, status, customer_id) VALUES ('CHIP-8', '5b3759a5-69bc-476c-8c7c-7ca6f7f0f766', false, false, 0, null);
INSERT INTO public.user_requests (agency_name, uuid, archived, deleted, status, customer_id) VALUES ('Visual Fortran', '5b3759a5-69bc-476c-8c7c-7ca6f7f0f766', false, false, 0, null);
INSERT INTO public.user_requests (agency_name, uuid, archived, deleted, status, customer_id) VALUES ('Go!', '5b3759a5-69bc-476c-8c7c-7ca6f7f0f766', false, false, 0, null);
INSERT INTO public.user_requests (agency_name, uuid, archived, deleted, status, customer_id) VALUES ('PCF', '5b3759a5-69bc-476c-8c7c-7ca6f7f0f766', false, false, 0, null);
INSERT INTO public.user_requests (agency_name, uuid, archived, deleted, status, customer_id) VALUES ('Agora', '5b3759a5-69bc-476c-8c7c-7ca6f7f0f766', false, false, 0, null);
INSERT INTO public.user_requests (agency_name, uuid, archived, deleted, status, customer_id) VALUES ('ABAP', '5b3759a5-69bc-476c-8c7c-7ca6f7f0f766', false, false, 0, null);
INSERT INTO public.user_requests (agency_name, uuid, archived, deleted, status, customer_id) VALUES ('Agilent VEE', '5b3759a5-69bc-476c-8c7c-7ca6f7f0f766', false, false, 0, null);
INSERT INTO public.user_requests (agency_name, uuid, archived, deleted, status, customer_id) VALUES ('chomski', '5b3759a5-69bc-476c-8c7c-7ca6f7f0f766', false, false, 0, null);
INSERT INTO public.user_requests (agency_name, uuid, archived, deleted, status, customer_id) VALUES ('Joule', '5b3759a5-69bc-476c-8c7c-7ca6f7f0f766', false, false, 0, null);
INSERT INTO public.user_requests (agency_name, uuid, archived, deleted, status, customer_id) VALUES ('Lingo', '5b3759a5-69bc-476c-8c7c-7ca6f7f0f766', false, false, 0, null);
INSERT INTO public.user_requests (agency_name, uuid, archived, deleted, status, customer_id) VALUES ('Lustre', '5b3759a5-69bc-476c-8c7c-7ca6f7f0f766', false, false, 0, null);
INSERT INTO public.user_requests (agency_name, uuid, archived, deleted, status, customer_id) VALUES ('Maple', '5b3759a5-69bc-476c-8c7c-7ca6f7f0f766', false, false, 0, null);
INSERT INTO public.user_requests (agency_name, uuid, archived, deleted, status, customer_id) VALUES ('OpenCL', '5b3759a5-69bc-476c-8c7c-7ca6f7f0f766', false, false, 0, null);
INSERT INTO public.user_requests (agency_name, uuid, archived, deleted, status, customer_id) VALUES ('Visual Basic', '5b3759a5-69bc-476c-8c7c-7ca6f7f0f766', false, false, 0, null);
INSERT INTO public.user_requests (agency_name, uuid, archived, deleted, status, customer_id) VALUES ('LabVIEW', '5b3759a5-69bc-476c-8c7c-7ca6f7f0f766', false, false, 0, null);
INSERT INTO public.user_requests (agency_name, uuid, archived, deleted, status, customer_id) VALUES ('DataFlex', 'e3aa2e1f-2f2a-4e93-9e3b-48b55f382b7a', false, false, 0, null);
INSERT INTO public.user_requests (agency_name, uuid, archived, deleted, status, customer_id) VALUES ('dc', 'e3aa2e1f-2f2a-4e93-9e3b-48b55f382b7a', false, false, 0, null);
INSERT INTO public.user_requests (agency_name, uuid, archived, deleted, status, customer_id) VALUES ('Frege', 'e3aa2e1f-2f2a-4e93-9e3b-48b55f382b7a', false, false, 0, null);
INSERT INTO public.user_requests (agency_name, uuid, archived, deleted, status, customer_id) VALUES ('SenseTalk', 'e3aa2e1f-2f2a-4e93-9e3b-48b55f382b7a', false, false, 0, null);
INSERT INTO public.user_requests (agency_name, uuid, archived, deleted, status, customer_id) VALUES ('ELAN', 'e3aa2e1f-2f2a-4e93-9e3b-48b55f382b7a', false, false, 0, null);
INSERT INTO public.user_requests (agency_name, uuid, archived, deleted, status, customer_id) VALUES ('CHIP-8', 'e3aa2e1f-2f2a-4e93-9e3b-48b55f382b7a', false, false, 0, null);
INSERT INTO public.user_requests (agency_name, uuid, archived, deleted, status, customer_id) VALUES ('Visual Fortran', 'e3aa2e1f-2f2a-4e93-9e3b-48b55f382b7a', false, false, 0, null);
INSERT INTO public.user_requests (agency_name, uuid, archived, deleted, status, customer_id) VALUES ('Go!', 'e3aa2e1f-2f2a-4e93-9e3b-48b55f382b7a', false, false, 0, null);
INSERT INTO public.user_requests (agency_name, uuid, archived, deleted, status, customer_id) VALUES ('PCF', 'e3aa2e1f-2f2a-4e93-9e3b-48b55f382b7a', false, false, 0, null);
INSERT INTO public.user_requests (agency_name, uuid, archived, deleted, status, customer_id) VALUES ('Agora', 'e3aa2e1f-2f2a-4e93-9e3b-48b55f382b7a', false, false, 0, null);
INSERT INTO public.user_requests (agency_name, uuid, archived, deleted, status, customer_id) VALUES ('ABAP', 'e3aa2e1f-2f2a-4e93-9e3b-48b55f382b7a', false, false, 0, null);
INSERT INTO public.user_requests (agency_name, uuid, archived, deleted, status, customer_id) VALUES ('Agilent VEE', 'e3aa2e1f-2f2a-4e93-9e3b-48b55f382b7a', false, false, 0, null);
INSERT INTO public.user_requests (agency_name, uuid, archived, deleted, status, customer_id) VALUES ('chomski', 'e3aa2e1f-2f2a-4e93-9e3b-48b55f382b7a', false, false, 0, null);
INSERT INTO public.user_requests (agency_name, uuid, archived, deleted, status, customer_id) VALUES ('Joule', 'e3aa2e1f-2f2a-4e93-9e3b-48b55f382b7a', false, false, 0, null);
INSERT INTO public.user_requests (agency_name, uuid, archived, deleted, status, customer_id) VALUES ('Lingo', 'e3aa2e1f-2f2a-4e93-9e3b-48b55f382b7a', false, false, 0, null);
INSERT INTO public.user_requests (agency_name, uuid, archived, deleted, status, customer_id) VALUES ('Lustre', 'e3aa2e1f-2f2a-4e93-9e3b-48b55f382b7a', false, false, 0, null);
INSERT INTO public.user_requests (agency_name, uuid, archived, deleted, status, customer_id) VALUES ('Maple', 'e3aa2e1f-2f2a-4e93-9e3b-48b55f382b7a', false, false, 0, null);
INSERT INTO public.user_requests (agency_name, uuid, archived, deleted, status, customer_id) VALUES ('OpenCL', 'e3aa2e1f-2f2a-4e93-9e3b-48b55f382b7a', false, false, 0, null);
INSERT INTO public.user_requests (agency_name, uuid, archived, deleted, status, customer_id) VALUES ('Visual Basic', 'e3aa2e1f-2f2a-4e93-9e3b-48b55f382b7a', false, false, 0, null);
INSERT INTO public.user_requests (agency_name, uuid, archived, deleted, status, customer_id) VALUES ('LabVIEW', 'e3aa2e1f-2f2a-4e93-9e3b-48b55f382b7a', false, false, 0, null);
INSERT INTO public.user_requests (agency_name, uuid, archived, deleted, status, customer_id) VALUES ('DataFlex', '08163204-ad6b-4c28-85bf-9f203a2d3a87', false, false, 0, null);
INSERT INTO public.user_requests (agency_name, uuid, archived, deleted, status, customer_id) VALUES ('dc', '08163204-ad6b-4c28-85bf-9f203a2d3a87', false, false, 0, null);
INSERT INTO public.user_requests (agency_name, uuid, archived, deleted, status, customer_id) VALUES ('Frege', '08163204-ad6b-4c28-85bf-9f203a2d3a87', false, false, 0, null);
INSERT INTO public.user_requests (agency_name, uuid, archived, deleted, status, customer_id) VALUES ('SenseTalk', '08163204-ad6b-4c28-85bf-9f203a2d3a87', false, false, 0, null);
INSERT INTO public.user_requests (agency_name, uuid, archived, deleted, status, customer_id) VALUES ('ELAN', '08163204-ad6b-4c28-85bf-9f203a2d3a87', false, false, 0, null);
INSERT INTO public.user_requests (agency_name, uuid, archived, deleted, status, customer_id) VALUES ('CHIP-8', '08163204-ad6b-4c28-85bf-9f203a2d3a87', false, false, 0, null);
INSERT INTO public.user_requests (agency_name, uuid, archived, deleted, status, customer_id) VALUES ('Visual Fortran', '08163204-ad6b-4c28-85bf-9f203a2d3a87', false, false, 0, null);
INSERT INTO public.user_requests (agency_name, uuid, archived, deleted, status, customer_id) VALUES ('Go!', '08163204-ad6b-4c28-85bf-9f203a2d3a87', false, false, 0, null);
INSERT INTO public.user_requests (agency_name, uuid, archived, deleted, status, customer_id) VALUES ('PCF', '08163204-ad6b-4c28-85bf-9f203a2d3a87', false, false, 0, null);
INSERT INTO public.user_requests (agency_name, uuid, archived, deleted, status, customer_id) VALUES ('Agora', '08163204-ad6b-4c28-85bf-9f203a2d3a87', false, false, 0, null);
INSERT INTO public.user_requests (agency_name, uuid, archived, deleted, status, customer_id) VALUES ('ABAP', '08163204-ad6b-4c28-85bf-9f203a2d3a87', false, false, 0, null);
INSERT INTO public.user_requests (agency_name, uuid, archived, deleted, status, customer_id) VALUES ('Agilent VEE', '08163204-ad6b-4c28-85bf-9f203a2d3a87', false, false, 0, null);
INSERT INTO public.user_requests (agency_name, uuid, archived, deleted, status, customer_id) VALUES ('chomski', '08163204-ad6b-4c28-85bf-9f203a2d3a87', false, false, 0, null);
INSERT INTO public.user_requests (agency_name, uuid, archived, deleted, status, customer_id) VALUES ('Joule', '08163204-ad6b-4c28-85bf-9f203a2d3a87', false, false, 0, null);
INSERT INTO public.user_requests (agency_name, uuid, archived, deleted, status, customer_id) VALUES ('Lingo', '08163204-ad6b-4c28-85bf-9f203a2d3a87', false, false, 0, null);
INSERT INTO public.user_requests (agency_name, uuid, archived, deleted, status, customer_id) VALUES ('Lustre', '08163204-ad6b-4c28-85bf-9f203a2d3a87', false, false, 0, null);
INSERT INTO public.user_requests (agency_name, uuid, archived, deleted, status, customer_id) VALUES ('Maple', '08163204-ad6b-4c28-85bf-9f203a2d3a87', false, false, 0, null);
INSERT INTO public.user_requests (agency_name, uuid, archived, deleted, status, customer_id) VALUES ('OpenCL', '08163204-ad6b-4c28-85bf-9f203a2d3a87', false, false, 0, null);
INSERT INTO public.user_requests (agency_name, uuid, archived, deleted, status, customer_id) VALUES ('Visual Basic', '08163204-ad6b-4c28-85bf-9f203a2d3a87', false, false, 0, null);
INSERT INTO public.user_requests (agency_name, uuid, archived, deleted, status, customer_id) VALUES ('LabVIEW', '08163204-ad6b-4c28-85bf-9f203a2d3a87', false, false, 0, null);
INSERT INTO public.user_requests (agency_name, uuid, archived, deleted, status, customer_id) VALUES ('DataFlex', 'bd33a3be-6110-4b7b-9efa-eb9b52cb6c4e', false, false, 0, null);
INSERT INTO public.user_requests (agency_name, uuid, archived, deleted, status, customer_id) VALUES ('dc', 'bd33a3be-6110-4b7b-9efa-eb9b52cb6c4e', false, false, 0, null);
INSERT INTO public.user_requests (agency_name, uuid, archived, deleted, status, customer_id) VALUES ('Frege', 'bd33a3be-6110-4b7b-9efa-eb9b52cb6c4e', false, false, 0, null);
INSERT INTO public.user_requests (agency_name, uuid, archived, deleted, status, customer_id) VALUES ('SenseTalk', 'bd33a3be-6110-4b7b-9efa-eb9b52cb6c4e', false, false, 0, null);
INSERT INTO public.user_requests (agency_name, uuid, archived, deleted, status, customer_id) VALUES ('ELAN', 'bd33a3be-6110-4b7b-9efa-eb9b52cb6c4e', false, false, 0, null);
INSERT INTO public.user_requests (agency_name, uuid, archived, deleted, status, customer_id) VALUES ('CHIP-8', 'bd33a3be-6110-4b7b-9efa-eb9b52cb6c4e', false, false, 0, null);
INSERT INTO public.user_requests (agency_name, uuid, archived, deleted, status, customer_id) VALUES ('Visual Fortran', 'bd33a3be-6110-4b7b-9efa-eb9b52cb6c4e', false, false, 0, null);
INSERT INTO public.user_requests (agency_name, uuid, archived, deleted, status, customer_id) VALUES ('Go!', 'bd33a3be-6110-4b7b-9efa-eb9b52cb6c4e', false, false, 0, null);
INSERT INTO public.user_requests (agency_name, uuid, archived, deleted, status, customer_id) VALUES ('PCF', 'bd33a3be-6110-4b7b-9efa-eb9b52cb6c4e', false, false, 0, null);
INSERT INTO public.user_requests (agency_name, uuid, archived, deleted, status, customer_id) VALUES ('Agora', 'bd33a3be-6110-4b7b-9efa-eb9b52cb6c4e', false, false, 0, null);
INSERT INTO public.user_requests (agency_name, uuid, archived, deleted, status, customer_id) VALUES ('ABAP', 'bd33a3be-6110-4b7b-9efa-eb9b52cb6c4e', false, false, 0, null);
INSERT INTO public.user_requests (agency_name, uuid, archived, deleted, status, customer_id) VALUES ('Agilent VEE', 'bd33a3be-6110-4b7b-9efa-eb9b52cb6c4e', false, false, 0, null);
INSERT INTO public.user_requests (agency_name, uuid, archived, deleted, status, customer_id) VALUES ('chomski', 'bd33a3be-6110-4b7b-9efa-eb9b52cb6c4e', false, false, 0, null);
INSERT INTO public.user_requests (agency_name, uuid, archived, deleted, status, customer_id) VALUES ('Joule', 'bd33a3be-6110-4b7b-9efa-eb9b52cb6c4e', false, false, 0, null);
INSERT INTO public.user_requests (agency_name, uuid, archived, deleted, status, customer_id) VALUES ('Lingo', 'bd33a3be-6110-4b7b-9efa-eb9b52cb6c4e', false, false, 0, null);
INSERT INTO public.user_requests (agency_name, uuid, archived, deleted, status, customer_id) VALUES ('Lustre', 'bd33a3be-6110-4b7b-9efa-eb9b52cb6c4e', false, false, 0, null);
INSERT INTO public.user_requests (agency_name, uuid, archived, deleted, status, customer_id) VALUES ('Maple', 'bd33a3be-6110-4b7b-9efa-eb9b52cb6c4e', false, false, 0, null);
INSERT INTO public.user_requests (agency_name, uuid, archived, deleted, status, customer_id) VALUES ('OpenCL', 'bd33a3be-6110-4b7b-9efa-eb9b52cb6c4e', false, false, 0, null);
INSERT INTO public.user_requests (agency_name, uuid, archived, deleted, status, customer_id) VALUES ('Visual Basic', 'bd33a3be-6110-4b7b-9efa-eb9b52cb6c4e', false, false, 0, null);
INSERT INTO public.user_requests (agency_name, uuid, archived, deleted, status, customer_id) VALUES ('LabVIEW', 'bd33a3be-6110-4b7b-9efa-eb9b52cb6c4e', false, false, 0, null);
INSERT INTO public.user_requests (agency_name, uuid, archived, deleted, status, customer_id) VALUES ('DataFlex', 'd4941ead-5e1e-4cca-b70f-1a6ff30b0aa8', false, false, 0, null);
INSERT INTO public.user_requests (agency_name, uuid, archived, deleted, status, customer_id) VALUES ('dc', 'd4941ead-5e1e-4cca-b70f-1a6ff30b0aa8', false, false, 0, null);
INSERT INTO public.user_requests (agency_name, uuid, archived, deleted, status, customer_id) VALUES ('Frege', 'd4941ead-5e1e-4cca-b70f-1a6ff30b0aa8', false, false, 0, null);
INSERT INTO public.user_requests (agency_name, uuid, archived, deleted, status, customer_id) VALUES ('SenseTalk', 'd4941ead-5e1e-4cca-b70f-1a6ff30b0aa8', false, false, 0, null);
INSERT INTO public.user_requests (agency_name, uuid, archived, deleted, status, customer_id) VALUES ('ELAN', 'd4941ead-5e1e-4cca-b70f-1a6ff30b0aa8', false, false, 0, null);
INSERT INTO public.user_requests (agency_name, uuid, archived, deleted, status, customer_id) VALUES ('CHIP-8', 'd4941ead-5e1e-4cca-b70f-1a6ff30b0aa8', false, false, 0, null);
INSERT INTO public.user_requests (agency_name, uuid, archived, deleted, status, customer_id) VALUES ('Visual Fortran', 'd4941ead-5e1e-4cca-b70f-1a6ff30b0aa8', false, false, 0, null);
INSERT INTO public.user_requests (agency_name, uuid, archived, deleted, status, customer_id) VALUES ('Go!', 'd4941ead-5e1e-4cca-b70f-1a6ff30b0aa8', false, false, 0, null);
INSERT INTO public.user_requests (agency_name, uuid, archived, deleted, status, customer_id) VALUES ('PCF', 'd4941ead-5e1e-4cca-b70f-1a6ff30b0aa8', false, false, 0, null);
INSERT INTO public.user_requests (agency_name, uuid, archived, deleted, status, customer_id) VALUES ('Agora', 'd4941ead-5e1e-4cca-b70f-1a6ff30b0aa8', false, false, 0, null);
INSERT INTO public.user_requests (agency_name, uuid, archived, deleted, status, customer_id) VALUES ('ABAP', 'd4941ead-5e1e-4cca-b70f-1a6ff30b0aa8', false, false, 0, null);
INSERT INTO public.user_requests (agency_name, uuid, archived, deleted, status, customer_id) VALUES ('Agilent VEE', 'd4941ead-5e1e-4cca-b70f-1a6ff30b0aa8', false, false, 0, null);
INSERT INTO public.user_requests (agency_name, uuid, archived, deleted, status, customer_id) VALUES ('chomski', 'd4941ead-5e1e-4cca-b70f-1a6ff30b0aa8', false, false, 0, null);
INSERT INTO public.user_requests (agency_name, uuid, archived, deleted, status, customer_id) VALUES ('Joule', 'd4941ead-5e1e-4cca-b70f-1a6ff30b0aa8', false, false, 0, null);
INSERT INTO public.user_requests (agency_name, uuid, archived, deleted, status, customer_id) VALUES ('Lingo', 'd4941ead-5e1e-4cca-b70f-1a6ff30b0aa8', false, false, 0, null);
INSERT INTO public.user_requests (agency_name, uuid, archived, deleted, status, customer_id) VALUES ('Lustre', 'd4941ead-5e1e-4cca-b70f-1a6ff30b0aa8', false, false, 0, null);
INSERT INTO public.user_requests (agency_name, uuid, archived, deleted, status, customer_id) VALUES ('Maple', 'd4941ead-5e1e-4cca-b70f-1a6ff30b0aa8', false, false, 0, null);
INSERT INTO public.user_requests (agency_name, uuid, archived, deleted, status, customer_id) VALUES ('OpenCL', 'd4941ead-5e1e-4cca-b70f-1a6ff30b0aa8', false, false, 0, null);
INSERT INTO public.user_requests (agency_name, uuid, archived, deleted, status, customer_id) VALUES ('Visual Basic', 'd4941ead-5e1e-4cca-b70f-1a6ff30b0aa8', false, false, 0, null);
INSERT INTO public.user_requests (agency_name, uuid, archived, deleted, status, customer_id) VALUES ('LabVIEW', 'd4941ead-5e1e-4cca-b70f-1a6ff30b0aa8', false, false, 0, null);
INSERT INTO public.user_requests (agency_name, uuid, archived, deleted, status, customer_id) VALUES ('DataFlex', '63f2f394-1ba3-492b-ba6a-9cfe205958bf', false, false, 0, null);
INSERT INTO public.user_requests (agency_name, uuid, archived, deleted, status, customer_id) VALUES ('dc', '63f2f394-1ba3-492b-ba6a-9cfe205958bf', false, false, 0, null);
INSERT INTO public.user_requests (agency_name, uuid, archived, deleted, status, customer_id) VALUES ('Frege', '63f2f394-1ba3-492b-ba6a-9cfe205958bf', false, false, 0, null);
INSERT INTO public.user_requests (agency_name, uuid, archived, deleted, status, customer_id) VALUES ('SenseTalk', '63f2f394-1ba3-492b-ba6a-9cfe205958bf', false, false, 0, null);
INSERT INTO public.user_requests (agency_name, uuid, archived, deleted, status, customer_id) VALUES ('ELAN', '63f2f394-1ba3-492b-ba6a-9cfe205958bf', false, false, 0, null);
INSERT INTO public.user_requests (agency_name, uuid, archived, deleted, status, customer_id) VALUES ('CHIP-8', '63f2f394-1ba3-492b-ba6a-9cfe205958bf', false, false, 0, null);
INSERT INTO public.user_requests (agency_name, uuid, archived, deleted, status, customer_id) VALUES ('Visual Fortran', '63f2f394-1ba3-492b-ba6a-9cfe205958bf', false, false, 0, null);
INSERT INTO public.user_requests (agency_name, uuid, archived, deleted, status, customer_id) VALUES ('Go!', '63f2f394-1ba3-492b-ba6a-9cfe205958bf', false, false, 0, null);
INSERT INTO public.user_requests (agency_name, uuid, archived, deleted, status, customer_id) VALUES ('PCF', '63f2f394-1ba3-492b-ba6a-9cfe205958bf', false, false, 0, null);
INSERT INTO public.user_requests (agency_name, uuid, archived, deleted, status, customer_id) VALUES ('Agora', '63f2f394-1ba3-492b-ba6a-9cfe205958bf', false, false, 0, null);
INSERT INTO public.user_requests (agency_name, uuid, archived, deleted, status, customer_id) VALUES ('ABAP', '63f2f394-1ba3-492b-ba6a-9cfe205958bf', false, false, 0, null);
INSERT INTO public.user_requests (agency_name, uuid, archived, deleted, status, customer_id) VALUES ('Agilent VEE', '63f2f394-1ba3-492b-ba6a-9cfe205958bf', false, false, 0, null);
INSERT INTO public.user_requests (agency_name, uuid, archived, deleted, status, customer_id) VALUES ('chomski', '63f2f394-1ba3-492b-ba6a-9cfe205958bf', false, false, 0, null);
INSERT INTO public.user_requests (agency_name, uuid, archived, deleted, status, customer_id) VALUES ('Joule', '63f2f394-1ba3-492b-ba6a-9cfe205958bf', false, false, 0, null);
INSERT INTO public.user_requests (agency_name, uuid, archived, deleted, status, customer_id) VALUES ('Lingo', '63f2f394-1ba3-492b-ba6a-9cfe205958bf', false, false, 0, null);
INSERT INTO public.user_requests (agency_name, uuid, archived, deleted, status, customer_id) VALUES ('Lustre', '63f2f394-1ba3-492b-ba6a-9cfe205958bf', false, false, 0, null);
INSERT INTO public.user_requests (agency_name, uuid, archived, deleted, status, customer_id) VALUES ('Maple', '63f2f394-1ba3-492b-ba6a-9cfe205958bf', false, false, 0, null);
INSERT INTO public.user_requests (agency_name, uuid, archived, deleted, status, customer_id) VALUES ('OpenCL', '63f2f394-1ba3-492b-ba6a-9cfe205958bf', false, false, 0, null);
INSERT INTO public.user_requests (agency_name, uuid, archived, deleted, status, customer_id) VALUES ('Visual Basic', '63f2f394-1ba3-492b-ba6a-9cfe205958bf', false, false, 0, null);
INSERT INTO public.user_requests (agency_name, uuid, archived, deleted, status, customer_id) VALUES ('LabVIEW', '63f2f394-1ba3-492b-ba6a-9cfe205958bf', false, false, 0, null);
INSERT INTO public.user_requests (agency_name, uuid, archived, deleted, status, customer_id) VALUES ('DataFlex', 'f63e789b-109d-45e2-8ea9-d22b86814143', false, false, 0, null);
INSERT INTO public.user_requests (agency_name, uuid, archived, deleted, status, customer_id) VALUES ('dc', 'f63e789b-109d-45e2-8ea9-d22b86814143', false, false, 0, null);
INSERT INTO public.user_requests (agency_name, uuid, archived, deleted, status, customer_id) VALUES ('Frege', 'f63e789b-109d-45e2-8ea9-d22b86814143', false, false, 0, null);
INSERT INTO public.user_requests (agency_name, uuid, archived, deleted, status, customer_id) VALUES ('SenseTalk', 'f63e789b-109d-45e2-8ea9-d22b86814143', false, false, 0, null);
INSERT INTO public.user_requests (agency_name, uuid, archived, deleted, status, customer_id) VALUES ('ELAN', 'f63e789b-109d-45e2-8ea9-d22b86814143', false, false, 0, null);
INSERT INTO public.user_requests (agency_name, uuid, archived, deleted, status, customer_id) VALUES ('CHIP-8', 'f63e789b-109d-45e2-8ea9-d22b86814143', false, false, 0, null);
INSERT INTO public.user_requests (agency_name, uuid, archived, deleted, status, customer_id) VALUES ('Visual Fortran', 'f63e789b-109d-45e2-8ea9-d22b86814143', false, false, 0, null);
INSERT INTO public.user_requests (agency_name, uuid, archived, deleted, status, customer_id) VALUES ('Go!', 'f63e789b-109d-45e2-8ea9-d22b86814143', false, false, 0, null);
INSERT INTO public.user_requests (agency_name, uuid, archived, deleted, status, customer_id) VALUES ('PCF', 'f63e789b-109d-45e2-8ea9-d22b86814143', false, false, 0, null);
INSERT INTO public.user_requests (agency_name, uuid, archived, deleted, status, customer_id) VALUES ('Agora', 'f63e789b-109d-45e2-8ea9-d22b86814143', false, false, 0, null);
INSERT INTO public.user_requests (agency_name, uuid, archived, deleted, status, customer_id) VALUES ('ABAP', 'f63e789b-109d-45e2-8ea9-d22b86814143', false, false, 0, null);
INSERT INTO public.user_requests (agency_name, uuid, archived, deleted, status, customer_id) VALUES ('Agilent VEE', 'f63e789b-109d-45e2-8ea9-d22b86814143', false, false, 0, null);
INSERT INTO public.user_requests (agency_name, uuid, archived, deleted, status, customer_id) VALUES ('chomski', 'f63e789b-109d-45e2-8ea9-d22b86814143', false, false, 0, null);
INSERT INTO public.user_requests (agency_name, uuid, archived, deleted, status, customer_id) VALUES ('Joule', 'f63e789b-109d-45e2-8ea9-d22b86814143', false, false, 0, null);
INSERT INTO public.user_requests (agency_name, uuid, archived, deleted, status, customer_id) VALUES ('Lingo', 'f63e789b-109d-45e2-8ea9-d22b86814143', false, false, 0, null);
INSERT INTO public.user_requests (agency_name, uuid, archived, deleted, status, customer_id) VALUES ('Lustre', 'f63e789b-109d-45e2-8ea9-d22b86814143', false, false, 0, null);
INSERT INTO public.user_requests (agency_name, uuid, archived, deleted, status, customer_id) VALUES ('Maple', 'f63e789b-109d-45e2-8ea9-d22b86814143', false, false, 0, null);
INSERT INTO public.user_requests (agency_name, uuid, archived, deleted, status, customer_id) VALUES ('OpenCL', 'f63e789b-109d-45e2-8ea9-d22b86814143', false, false, 0, null);
INSERT INTO public.user_requests (agency_name, uuid, archived, deleted, status, customer_id) VALUES ('Visual Basic', 'f63e789b-109d-45e2-8ea9-d22b86814143', false, false, 0, null);
INSERT INTO public.user_requests (agency_name, uuid, archived, deleted, status, customer_id) VALUES ('LabVIEW', 'f63e789b-109d-45e2-8ea9-d22b86814143', false, false, 0, null);